Workbook

Sheet Home
B3: XXIII Mundial USA/MEX/CAN 2026
C5: 📋 Selecciona idioma
C6: Español | K6: Introducir resultados
C7: 🕒 Selecciona horario
C8: UTC -4 | K8: Fixture
C9: ✍️ Escribe tu nombre
C10: Gaby | K10: Help
E16: Si quieres organizar una porra (quiniela) con tu grupo puedes descargar el archivo de adminsitrador desde el enlace de abajo
E17: ▼ Descargar Excel Administrador Porra ▼ | K17: Video►Tutorial
E21: Share:
E22: Whatsapp | F22: Telegram | G22: Mail | H22: X | I22: in
K23: © Miguel Angel Tejero. 2026 | L23: Donar

Sheet WORLDCUP
W1: XXIII Mundial USA/MEX/CAN 2026 | DN1: Horarios!$P$3
D3: WINNER | E3: Empate1L | F3: Empate1V | H3: Empate2L | I3: Empate2V | K3: Empate3L | L3: Empate3V | N3: Empate4L | O3: Empate4V | Q3: Empate5L | R3: Empate5V | T3: Empate6L | U3: Empate6V | X3: Fecha | Y3: Hora | Z3: Jor. | AA3: Casa | AC3: Gol | AD3: Gol | AF3: Fuera | AJ3: Grupo | AV3: ¡EMPATE! Puedes seleccionar el orden de los empatados. | AZ3: No
A4: NombreEquipo | B4: A | C4: 4 | D4: {=IF(OR(AC4="",AD4=""),"Pendiente",IF(AC4>AD4,"Local",IF(AC4<AD4,"Visitante","Empate")))} -> Local | E4: {=IF(D4="Pendiente","-",INDEX($BT$6:$BT$53,MATCH($AA4,$BD$6:$BD$53,0)))} -> P.1 (4) | F4: {=IF(D4="Pendiente","-",INDEX($BT$6:$BT$53,MATCH($AF4,$BD$6:$BD$53,0)))} -> P.1 (4) | H4: {=IF(D4="Pendiente","-",INDEX($BZ$6:$BZ$53,MATCH($AA4,$BD$6:$BD$53,0)))} -> P.1 (4) | I4: {=IF(D4="Pendiente","-",INDEX($BZ$6:$BZ$53,MATCH($AF4,$BD$6:$BD$53,0)))} -> P.1 (4) | K4: {=IF(D4="Pendiente","-",INDEX($CE$6:$CE$53,MATCH($AA4,$BD$6:$BD$53,0)))} -> P.1 (4) | L4: {=IF(D4="Pendiente","-",INDEX($CE$6:$CE$53,MATCH($AF4,$BD$6:$BD$53,0)))} -> P.1 (4) | N4: {=IF(D4="Pendiente","-",INDEX($CH$6:$CH$53,MATCH($AA4,$BD$6:$BD$53,0)))} -> P.1 (4) | O4: {=IF(D4="Pendiente","-",INDEX($CH$6:$CH$53,MATCH($AF4,$BD$6:$BD$53,0)))} -> P.1 (4) | Q4: {=IF(D4="Pendiente","-",INDEX($CN$6:$CN$53,MATCH($AA4,$BD$6:$BD$53,0)))} -> P.1 (4) | R4: {=IF(D4="Pendiente","-",INDEX($CN$6:$CN$53,MATCH($AF4,$BD$6:$BD$53,0)))} -> P.1 (4) | T4: {=IF(D4="Pendiente","-",INDEX($CS$6:$CS$53,MATCH($AA4,$BD$6:$BD$53,0)))} -> P.1 (4) | U4: {=IF(D4="Pendiente","-",INDEX($CS$6:$CS$53,MATCH($AF4,$BD$6:$BD$53,0)))} -> P.1 (4) | W4: A | X4: 46184.625 | Y4: 46184.625 | Z4: J1 | AA4: {=A5} -> México | AC4: 2 | AD4: 1 | AF4: {=A6} -> Sudáfrica | AG4: {=IF(NOT(OR(ISBLANK(AC4),ISBLANK(AD4))),1,0)} -> 1 | AH4: 1 | AJ4: {=CONCATENATE(AJ3," ",B4)} -> Grupo A | AV4: {=IF(AU5>0,$AV$3,"")} -> ¡EMPATE! Puedes seleccionar el orden de los empatados. | DC4: Grupos: bombo; terceros: orden alfa
A5: México | D5: {=IF(OR(AC5="",AD5=""),"Pendiente",IF(AC5>AD5,"Local",IF(AC5<AD5,"Visitante","Empate")))} -> Local | E5: {=IF(D5="Pendiente","-",INDEX($BT$6:$BT$53,MATCH($AA5,$BD$6:$BD$53,0)))} -> P.1 (4) | F5: {=IF(D5="Pendiente","-",INDEX($BT$6:$BT$53,MATCH($AF5,$BD$6:$BD$53,0)))} -> P.1 (4) | H5: {=IF(D5="Pendiente","-",INDEX($BZ$6:$BZ$53,MATCH($AA5,$BD$6:$BD$53,0)))} -> P.1 (4) | I5: {=IF(D5="Pendiente","-",INDEX($BZ$6:$BZ$53,MATCH($AF5,$BD$6:$BD$53,0)))} -> P.1 (4) | K5: {=IF(D5="Pendiente","-",INDEX($CE$6:$CE$53,MATCH($AA5,$BD$6:$BD$53,0)))} -> P.1 (4) | L5: {=IF(D5="Pendiente","-",INDEX($CE$6:$CE$53,MATCH($AF5,$BD$6:$BD$53,0)))} -> P.1 (4) | N5: {=IF(D5="Pendiente","-",INDEX($CH$6:$CH$53,MATCH($AA5,$BD$6:$BD$53,0)))} -> P.1 (4) | O5: {=IF(D5="Pendiente","-",INDEX($CH$6:$CH$53,MATCH($AF5,$BD$6:$BD$53,0)))} -> P.1 (4) | Q5: {=IF(D5="Pendiente","-",INDEX($CN$6:$CN$53,MATCH($AA5,$BD$6:$BD$53,0)))} -> P.1 (4) | R5: {=IF(D5="Pendiente","-",INDEX($CN$6:$CN$53,MATCH($AF5,$BD$6:$BD$53,0)))} -> P.1 (4) | T5: {=IF(D5="Pendiente","-",INDEX($CS$6:$CS$53,MATCH($AA5,$BD$6:$BD$53,0)))} -> P.1 (4) | U5: {=IF(D5="Pendiente","-",INDEX($CS$6:$CS$53,MATCH($AF5,$BD$6:$BD$53,0)))} -> P.1 (4) | X5: 46184.917 | Y5: 46184.917 | Z5: {=$Z$4} -> J1 | AA5: {=A7} -> Corea del Sur | AC5: 2 | AD5: 1 | AF5: {=A8} -> República Checa | AG5: {=IF(NOT(OR(ISBLANK(AC5),ISBLANK(AD5))),1,0)} -> 1 | AH5: 2 | AJ5: Pos | AL5: Selección | AM5: Pts | AN5: J | AO5: G | AP5: E | AQ5: P | AR5: GF | AS5: GC | AT5: DG | AU5: {=COUNTIF(AU6:AU9,">1")} -> 4 | AY5: {=AL5} -> Selección | AZ5: Puntos penalizados | BC5: Grupo | BD5: Selección | BE5: {=AM5} -> Pts | BF5: {=AN5} -> J | BG5: {=AO5} -> G | BH5: {=AP5} -> E | BI5: {=AQ5} -> P | BJ5: {=AR5} -> GF | BK5: {=AS5} -> GC | BL5: {=AT5} -> DG | BM5: PosF1 | BN5: PosF3 | BO5: Participa | BP5: Pos0 | BQ5: Empate0 | BR5: PTS | BS5: Posicion1 | BT5: Empate1 | BU5: PGPart1 | BV5: PEPart1 | BW5: PPPart1 | BX5: PTSPart1 | BY5: Posicion2 | BZ5: Empate2 | CA5: GFPart1 | CB5: GCPart1 | CC5: DGPArt1 | CD5: Posicion3 | CE5: Empate3 | CF5: GFPart1 | CG5: Posicion4 | CH5: Empate4 | CI5: PGPart2 | CJ5: PEPart2 | CK5: PPPart2 | CL5: PTSPart2 | CM5: Posicion5 | CN5: Empate5 | CO5: GFPart2 | CP5: GCPart2 | CQ5: DGPArt2 | CR5: Posicion6 | CS5: Empate6 | CT5: GFPart2 | CU5: Posicion7 | CV5: Empate7 | CW5: DG | CX5: Posicion8 | CY5: Empate8 | CZ5: GF | DA5: Posicion9 | DB5: Empate9 | DC5: OrdenAlfa/Bombo | DD5: PosicionF1 | DF5: PosicionF2 | DG5: Criterio/Fila | DH5: PosicionF3 | DJ5: POS | DK5: Numero Partidos disputados grupo | DL5: CANT | DM5: CONCAT | DN5: DESEMPATE EN SELECTOR | DP5: POSGRUPO | DQ5: PAIS
A6: Sudáfrica | D6: {=IF(OR(AC6="",AD6=""),"Pendiente",IF(AC6>AD6,"Local",IF(AC6<AD6,"Visitante","Empate")))} -> Local | E6: {=IF(D6="Pendiente","-",INDEX($BT$6:$BT$53,MATCH($AA6,$BD$6:$BD$53,0)))} -> P.1 (4) | F6: {=IF(D6="Pendiente","-",INDEX($BT$6:$BT$53,MATCH($AF6,$BD$6:$BD$53,0)))} -> P.1 (4) | H6: {=IF(D6="Pendiente","-",INDEX($BZ$6:$BZ$53,MATCH($AA6,$BD$6:$BD$53,0)))} -> P.1 (4) | I6: {=IF(D6="Pendiente","-",INDEX($BZ$6:$BZ$53,MATCH($AF6,$BD$6:$BD$53,0)))} -> P.1 (4) | K6: {=IF(D6="Pendiente","-",INDEX($CE$6:$CE$53,MATCH($AA6,$BD$6:$BD$53,0)))} -> P.1 (4) | L6: {=IF(D6="Pendiente","-",INDEX($CE$6:$CE$53,MATCH($AF6,$BD$6:$BD$53,0)))} -> P.1 (4) | N6: {=IF(D6="Pendiente","-",INDEX($CH$6:$CH$53,MATCH($AA6,$BD$6:$BD$53,0)))} -> P.1 (4) | O6: {=IF(D6="Pendiente","-",INDEX($CH$6:$CH$53,MATCH($AF6,$BD$6:$BD$53,0)))} -> P.1 (4) | Q6: {=IF(D6="Pendiente","-",INDEX($CN$6:$CN$53,MATCH($AA6,$BD$6:$BD$53,0)))} -> P.1 (4) | R6: {=IF(D6="Pendiente","-",INDEX($CN$6:$CN$53,MATCH($AF6,$BD$6:$BD$53,0)))} -> P.1 (4) | T6: {=IF(D6="Pendiente","-",INDEX($CS$6:$CS$53,MATCH($AA6,$BD$6:$BD$53,0)))} -> P.1 (4) | U6: {=IF(D6="Pendiente","-",INDEX($CS$6:$CS$53,MATCH($AF6,$BD$6:$BD$53,0)))} -> P.1 (4) | X6: 46191.5 | Y6: 46191.5 | Z6: J2 | AA6: {=A8} -> República Checa | AC6: 2 | AD6: 1 | AF6: {=A6} -> Sudáfrica | AG6: {=IF(NOT(OR(ISBLANK(AC6),ISBLANK(AD6))),1,0)} -> 1 | AH6: 25 | AI6: {=AJ6&$B$4} -> 1A | AJ6: 1 | AL6: {=IFERROR(INDEX($BD$6:$BD$53,MATCH(AI6,$BN$6:$BN$53,0)),"")} -> México | AM6: {=INDEX($BE$6:$BN$53,MATCH($AL6,$BD$6:$BD$53,0),MATCH(AM$5,$BE$5:$BN$5,0))} -> 9 | AN6: {=INDEX($BE$6:$BN$53,MATCH($AL6,$BD$6:$BD$53,0),MATCH(AN$5,$BE$5:$BN$5,0))} -> 3 | AO6: {=INDEX($BE$6:$BN$53,MATCH($AL6,$BD$6:$BD$53,0),MATCH(AO$5,$BE$5:$BN$5,0))} -> 3 | AP6: {=INDEX($BE$6:$BN$53,MATCH($AL6,$BD$6:$BD$53,0),MATCH(AP$5,$BE$5:$BN$5,0))} -> 0 | AQ6: {=INDEX($BE$6:$BN$53,MATCH($AL6,$BD$6:$BD$53,0),MATCH(AQ$5,$BE$5:$BN$5,0))} -> 0 | AR6: {=INDEX($BE$6:$BN$53,MATCH($AL6,$BD$6:$BD$53,0),MATCH(AR$5,$BE$5:$BN$5,0))} -> 7 | AS6: {=INDEX($BE$6:$BN$53,MATCH($AL6,$BD$6:$BD$53,0),MATCH(AS$5,$BE$5:$BN$5,0))} -> 2 | AT6: {=INDEX($BE$6:$BN$53,MATCH($AL6,$BD$6:$BD$53,0),MATCH(AT$5,$BE$5:$BN$5,0))} -> 5 | AU6: {=INDEX($DL$6:$DL$53,MATCH(AI6,$DP$6:$DP$53,0))} -> 4 | AV6: {=INDEX($BD$6:$BD$53,MATCH(AI6,$BM$6:$BM$53,0))} -> México | AY6: {=A5} -> México | BC6: A | BD6: México | BE6: {=BG6*3+BH6+IF($AZ$3="No",0,INDEX($AZ$6:$AZ$97,MATCH(BD6,$AY$6:$AY$97,0)))} -> 9 | BF6: {=BG6+BH6+BI6} -> 3 | BG6: {=COUNTIFS($AA$4:$AA$97,BD6,$D$4:$D$97,"Local")+COUNTIFS($AF$4:$AF$97,BD6,$D$4:$D$97,"Visitante")} -> 3 | BH6: {=COUNTIFS($AA$4:$AA$97,BD6,$D$4:$D$97,"Empate")+COUNTIFS($AF$4:$AF$97,BD6,$D$4:$D$97,"Empate")} -> 0 | BI6: {=COUNTIFS($AF$4:$AF$97,BD6,$D$4:$D$97,"Local")+COUNTIFS($AA$4:$AA$97,BD6,$D$4:$D$97,"Visitante")} -> 0 | BJ6: {=SUMIFS($AC$4:$AC$97,$AA$4:$AA$97,BD6,$D$4:$D$97,"<>"&"Pendiente",$AC$4:$AC$97,"<>"&"",$AD$4:$AD$97,"<>"&"")+SUMIFS($AD$4:$AD$97,$AF$4:$AF$97,BD6,$D$4:$D$97,"<>"&"Pendiente",$AC$4:$AC$97,"<>"&"",$AD$4:$AD$97,"<>"&"")} -> 7 | BK6: {=SUMIFS($AC$4:$AC$97,$AF$4:$AF$97,BD6,$D$4:$D$97,"<>"&"Pendiente",$AC$4:$AC$97,"<>"&"",$AD$4:$AD$97,"<>"&"")+SUMIFS($AD$4:$AD$97,$AA$4:$AA$97,BD6,$D$4:$D$97,"<>"&"Pendiente",$AC$4:$AC$97,"<>"&"",$AD$4:$AD$97,"<>"&"")} -> 2 | BL6: {=BJ6-BK6} -> 5 | BM6: {=DD6&BC6} -> 1A | BN6: {=DH6&BC6} -> 1A | BO6: {=IF(AND($AJ$99=144,BF6>=1),1,0)} -> 0 | BP6: 1 | BQ6: P.1 (4) | BR6: {=IF($BQ6="-","-",BE6)} -> 9 | BS6: 1 | BT6: P.1 (4) | BU6: {=IF($BT6="-","-",COUNTIFS($AA$4:$AA$97,$BD6,$D$4:$D$97,"Local",$F$4:$F$97,$BT6)+COUNTIFS($AF$4:$AF$97,$BD6,$D$4:$D$97,"Visitante",$E$4:$E$97,$BT6))} -> 3 | BV6: {=IF($BT6="-","-",COUNTIFS($AA$4:$AA$97,$BD6,$D$4:$D$97,"Empate",$F$4:$F$97,$BT6)+COUNTIFS($AF$4:$AF$97,$BD6,$D$4:$D$97,"Empate",$E$4:$E$97,$BT6))} -> 0 | BW6: {=IF($BT6="-","-",COUNTIFS($AA$4:$AA$97,$BD6,$D$4:$D$97,"Visitante",$F$4:$F$97,$BT6)+COUNTIFS($AF$4:$AF$97,$BD6,$D$4:$D$97,"Local",$E$4:$E$97,$BT6))} -> 0 | BX6: {=IF($BT6="-","-",BU6*3+BV6)} -> 9 | BY6: 1 | BZ6: P.1 (4) | CA6: {=IF($BZ6="-","-",SUMIFS($AC$4:$AC$97,$AA$4:$AA$97,$BD6,$I$4:$I$97,$BZ6)+SUMIFS($AD$4:$AD$97,$AF$4:$AF$97,$BD6,$H$4:$H$97,$BZ6))} -> 7 | CB6: {=IF($BZ6="-","-",SUMIFS($AD$4:$AD$97,$AA$4:$AA$97,$BD6,$I$4:$I$97,$BZ6)+SUMIFS($AC$4:$AC$97,$AF$4:$AF$97,$BD6,$H$4:$H$97,$BZ6))} -> 2 | CC6: {=IF($BZ6="-","-",CA6-CB6)} -> 5 | CD6: 1 | CE6: P.1 (4) | CF6: {=IF($CE6="-","-",SUMIFS($AC$4:$AC$97,$AA$4:$AA$97,$BD6,$L$4:$L$97,$CE6)+SUMIFS($AD$4:$AD$97,$AF$4:$AF$97,$BD6,$K$4:$K$97,$CE6))} -> 7 | CG6: 1 | CH6: P.1 (4) | CI6: {=IF($CH6="-","-",COUNTIFS($AA$4:$AA$97,$BD6,$D$4:$D$97,"Local",$O$4:$O$97,$CH6)+COUNTIFS($AF$4:$AF$97,$BD6,$D$4:$D$97,"Visitante",$N$4:$N$97,$CH6))} -> 3 | CJ6: {=IF($CH6="-","-",COUNTIFS($AA$4:$AA$97,$BD6,$D$4:$D$97,"Empate",$O$4:$O$97,$CH6)+COUNTIFS($AF$4:$AF$97,$BD6,$D$4:$D$97,"Empate",$N$4:$N$97,$CH6))} -> 0 | CK6: {=IF($CH6="-","-",COUNTIFS($AA$4:$AA$97,$BD6,$D$4:$D$97,"Visitante",$O$4:$O$97,$CH6)+COUNTIFS($AF$4:$AF$97,$BD6,$D$4:$D$97,"Local",$N$4:$N$97,$CH6))} -> 0 | CL6: {=IF($CH6="-","-",CI6*3+CJ6)} -> 9 | CM6: 1 | CN6: P.1 (4) | CO6: {=IF($CN6="-","-",SUMIFS($AC$4:$AC$97,$AA$4:$AA$97,$BD6,$R$4:$R$97,$CN6)+SUMIFS($AD$4:$AD$97,$AF$4:$AF$97,$BD6,$Q$4:$Q$97,$CN6))} -> 7 | CP6: {=IF($CN6="-","-",SUMIFS($AD$4:$AD$97,$AA$4:$AA$97,$BD6,$R$4:$R$97,$CN6)+SUMIFS($AC$4:$AC$97,$AF$4:$AF$97,$BD6,$Q$4:$Q$97,$CN6))} -> 2 | CQ6: {=IF($CN6="-","-",CO6-CP6)} -> 5 | CR6: 1 | CS6: P.1 (4) | CT6: {=IF($CS6="-","-",SUMIFS($AC$4:$AC$97,$AA$4:$AA$97,$BD6,$U$4:$U$97,$CS6)+SUMIFS($AD$4:$AD$97,$AF$4:$AF$97,$BD6,$T$4:$T$97,$CS6))} -> 7 | CU6: 1 | CV6: P.1 (4) | CW6: {=IF(CV6="-","-",BL6)} -> 5 | CX6: 1 | CY6: P.1 (4) | CZ6: {=IF(CY6="-","-",BJ6)} -> 7 | DA6: 1 | DB6: P.1 (4) | DC6: 1 | DD6: 1 | DF6: {=IF(OR(INDEX($AW$6:$AW$97,MATCH($BD6,$AV$6:$AV$97,0))="",DB6="-"),DD6,INDEX($AW$6:$AW$97,MATCH($BD6,$AV$6:$AV$97,0))+DD6/1000)} -> 1 | DG6: 0 | DH6: 1 | DJ6: {=INDEX($DA$6:$DA$53,MATCH($DQ6,$BD$6:$BD$53,0))} -> 1 | DK6: {=SUMIF($BC$6:$BC$53,BC6,$BF$6:$BF$53)} -> 12 | DL6: {=IF(OR(DK6=12,$AJ$99=144),COUNTIFS($DJ$6:$DJ$53,DJ6,$BC$6:$BC$53,BC6),1)} -> 4 | DM6: {=DJ6&"."&DL6} -> 1.4 | DN6: 1 | DP6: 1A | DQ6: {=INDEX($BD$6:$BD$53,MATCH(DP6,$BM$6:$BM$53,0))} -> México
A7: Corea del Sur | D7: {=IF(OR(AC7="",AD7=""),"Pendiente",IF(AC7>AD7,"Local",IF(AC7<AD7,"Visitante","Empate")))} -> Local | E7: {=IF(D7="Pendiente","-",INDEX($BT$6:$BT$53,MATCH($AA7,$BD$6:$BD$53,0)))} -> P.1 (4) | F7: {=IF(D7="Pendiente","-",INDEX($BT$6:$BT$53,MATCH($AF7,$BD$6:$BD$53,0)))} -> P.1 (4) | H7: {=IF(D7="Pendiente","-",INDEX($BZ$6:$BZ$53,MATCH($AA7,$BD$6:$BD$53,0)))} -> P.1 (4) | I7: {=IF(D7="Pendiente","-",INDEX($BZ$6:$BZ$53,MATCH($AF7,$BD$6:$BD$53,0)))} -> P.1 (4) | K7: {=IF(D7="Pendiente","-",INDEX($CE$6:$CE$53,MATCH($AA7,$BD$6:$BD$53,0)))} -> P.1 (4) | L7: {=IF(D7="Pendiente","-",INDEX($CE$6:$CE$53,MATCH($AF7,$BD$6:$BD$53,0)))} -> P.1 (4) | N7: {=IF(D7="Pendiente","-",INDEX($CH$6:$CH$53,MATCH($AA7,$BD$6:$BD$53,0)))} -> P.1 (4) | O7: {=IF(D7="Pendiente","-",INDEX($CH$6:$CH$53,MATCH($AF7,$BD$6:$BD$53,0)))} -> P.1 (4) | Q7: {=IF(D7="Pendiente","-",INDEX($CN$6:$CN$53,MATCH($AA7,$BD$6:$BD$53,0)))} -> P.1 (4) | R7: {=IF(D7="Pendiente","-",INDEX($CN$6:$CN$53,MATCH($AF7,$BD$6:$BD$53,0)))} -> P.1 (4) | T7: {=IF(D7="Pendiente","-",INDEX($CS$6:$CS$53,MATCH($AA7,$BD$6:$BD$53,0)))} -> P.1 (4) | U7: {=IF(D7="Pendiente","-",INDEX($CS$6:$CS$53,MATCH($AF7,$BD$6:$BD$53,0)))} -> P.1 (4) | X7: 46191.875 | Y7: 46191.875 | Z7: {=$Z$6} -> J2 | AA7: {=A5} -> México | AC7: 2 | AD7: 1 | AF7: {=A7} -> Corea del Sur | AG7: {=IF(NOT(OR(ISBLANK(AC7),ISBLANK(AD7))),1,0)} -> 1 | AH7: 28 | AI7: {=AJ7&$B$4} -> 2A | AJ7: 2 | AL7: {=IFERROR(INDEX($BD$6:$BD$53,MATCH(AI7,$BN$6:$BN$53,0)),"")} -> Sudáfrica | AM7: {=INDEX($BE$6:$BN$53,MATCH($AL7,$BD$6:$BD$53,0),MATCH(AM$5,$BE$5:$BN$5,0))} -> 0 | AN7: {=INDEX($BE$6:$BN$53,MATCH($AL7,$BD$6:$BD$53,0),MATCH(AN$5,$BE$5:$BN$5,0))} -> 3 | AO7: {=INDEX($BE$6:$BN$53,MATCH($AL7,$BD$6:$BD$53,0),MATCH(AO$5,$BE$5:$BN$5,0))} -> 0 | AP7: {=INDEX($BE$6:$BN$53,MATCH($AL7,$BD$6:$BD$53,0),MATCH(AP$5,$BE$5:$BN$5,0))} -> 0 | AQ7: {=INDEX($BE$6:$BN$53,MATCH($AL7,$BD$6:$BD$53,0),MATCH(AQ$5,$BE$5:$BN$5,0))} -> 3 | AR7: {=INDEX($BE$6:$BN$53,MATCH($AL7,$BD$6:$BD$53,0),MATCH(AR$5,$BE$5:$BN$5,0))} -> 3 | AS7: {=INDEX($BE$6:$BN$53,MATCH($AL7,$BD$6:$BD$53,0),MATCH(AS$5,$BE$5:$BN$5,0))} -> 7 | AT7: {=INDEX($BE$6:$BN$53,MATCH($AL7,$BD$6:$BD$53,0),MATCH(AT$5,$BE$5:$BN$5,0))} -> -4 | AU7: {=INDEX($DL$6:$DL$53,MATCH(AI7,$DP$6:$DP$53,0))} -> 4 | AV7: {=INDEX($BD$6:$BD$53,MATCH(AI7,$BM$6:$BM$53,0))} -> Sudáfrica | AY7: {=A6} -> Sudáfrica | BC7: A | BD7: Sudáfrica | BE7: {=BG7*3+BH7+IF($AZ$3="No",0,INDEX($AZ$6:$AZ$97,MATCH(BD7,$AY$6:$AY$97,0)))} -> 0 | BF7: {=BG7+BH7+BI7} -> 3 | BG7: {=COUNTIFS($AA$4:$AA$97,BD7,$D$4:$D$97,"Local")+COUNTIFS($AF$4:$AF$97,BD7,$D$4:$D$97,"Visitante")} -> 0 | BH7: {=COUNTIFS($AA$4:$AA$97,BD7,$D$4:$D$97,"Empate")+COUNTIFS($AF$4:$AF$97,BD7,$D$4:$D$97,"Empate")} -> 0 | BI7: {=COUNTIFS($AF$4:$AF$97,BD7,$D$4:$D$97,"Local")+COUNTIFS($AA$4:$AA$97,BD7,$D$4:$D$97,"Visitante")} -> 3 | BJ7: {=SUMIFS($AC$4:$AC$97,$AA$4:$AA$97,BD7,$D$4:$D$97,"<>"&"Pendiente",$AC$4:$AC$97,"<>"&"",$AD$4:$AD$97,"<>"&"")+SUMIFS($AD$4:$AD$97,$AF$4:$AF$97,BD7,$D$4:$D$97,"<>"&"Pendiente",$AC$4:$AC$97,"<>"&"",$AD$4:$AD$97,"<>"&"")} -> 3 | BK7: {=SUMIFS($AC$4:$AC$97,$AF$4:$AF$97,BD7,$D$4:$D$97,"<>"&"Pendiente",$AC$4:$AC$97,"<>"&"",$AD$4:$AD$97,"<>"&"")+SUMIFS($AD$4:$AD$97,$AA$4:$AA$97,BD7,$D$4:$D$97,"<>"&"Pendiente",$AC$4:$AC$97,"<>"&"",$AD$4:$AD$97,"<>"&"")} -> 7 | BL7: {=BJ7-BK7} -> -4 | BM7: {=DD7&BC7} -> 2A | BN7: {=DH7&BC7} -> 2A | BO7: {=IF(AND($AJ$99=144,BF7>=1),1,0)} -> 0 | BP7: 1 | BQ7: P.1 (4) | BR7: {=IF($BQ7="-","-",BE7)} -> 0 | BS7: 1 | BT7: P.1 (4) | BU7: {=IF($BT7="-","-",COUNTIFS($AA$4:$AA$97,$BD7,$D$4:$D$97,"Local",$F$4:$F$97,$BT7)+COUNTIFS($AF$4:$AF$97,$BD7,$D$4:$D$97,"Visitante",$E$4:$E$97,$BT7))} -> 0 | BV7: {=IF($BT7="-","-",COUNTIFS($AA$4:$AA$97,$BD7,$D$4:$D$97,"Empate",$F$4:$F$97,$BT7)+COUNTIFS($AF$4:$AF$97,$BD7,$D$4:$D$97,"Empate",$E$4:$E$97,$BT7))} -> 0 | BW7: {=IF($BT7="-","-",COUNTIFS($AA$4:$AA$97,$BD7,$D$4:$D$97,"Visitante",$F$4:$F$97,$BT7)+COUNTIFS($AF$4:$AF$97,$BD7,$D$4:$D$97,"Local",$E$4:$E$97,$BT7))} -> 3 | BX7: {=IF($BT7="-","-",BU7*3+BV7)} -> 0 | BY7: 1 | BZ7: P.1 (4) | CA7: {=IF($BZ7="-","-",SUMIFS($AC$4:$AC$97,$AA$4:$AA$97,$BD7,$I$4:$I$97,$BZ7)+SUMIFS($AD$4:$AD$97,$AF$4:$AF$97,$BD7,$H$4:$H$97,$BZ7))} -> 3 | CB7: {=IF($BZ7="-","-",SUMIFS($AD$4:$AD$97,$AA$4:$AA$97,$BD7,$I$4:$I$97,$BZ7)+SUMIFS($AC$4:$AC$97,$AF$4:$AF$97,$BD7,$H$4:$H$97,$BZ7))} -> 7 | CC7: {=IF($BZ7="-","-",CA7-CB7)} -> -4 | CD7: 1 | CE7: P.1 (4) | CF7: {=IF($CE7="-","-",SUMIFS($AC$4:$AC$97,$AA$4:$AA$97,$BD7,$L$4:$L$97,$CE7)+SUMIFS($AD$4:$AD$97,$AF$4:$AF$97,$BD7,$K$4:$K$97,$CE7))} -> 3 | CG7: 1 | CH7: P.1 (4) | CI7: {=IF($CH7="-","-",COUNTIFS($AA$4:$AA$97,$BD7,$D$4:$D$97,"Local",$O$4:$O$97,$CH7)+COUNTIFS($AF$4:$AF$97,$BD7,$D$4:$D$97,"Visitante",$N$4:$N$97,$CH7))} -> 0 | CJ7: {=IF($CH7="-","-",COUNTIFS($AA$4:$AA$97,$BD7,$D$4:$D$97,"Empate",$O$4:$O$97,$CH7)+COUNTIFS($AF$4:$AF$97,$BD7,$D$4:$D$97,"Empate",$N$4:$N$97,$CH7))} -> 0 | CK7: {=IF($CH7="-","-",COUNTIFS($AA$4:$AA$97,$BD7,$D$4:$D$97,"Visitante",$O$4:$O$97,$CH7)+COUNTIFS($AF$4:$AF$97,$BD7,$D$4:$D$97,"Local",$N$4:$N$97,$CH7))} -> 3 | CL7: {=IF($CH7="-","-",CI7*3+CJ7)} -> 0 | CM7: 1 | CN7: P.1 (4) | CO7: {=IF($CN7="-","-",SUMIFS($AC$4:$AC$97,$AA$4:$AA$97,$BD7,$R$4:$R$97,$CN7)+SUMIFS($AD$4:$AD$97,$AF$4:$AF$97,$BD7,$Q$4:$Q$97,$CN7))} -> 3 | CP7: {=IF($CN7="-","-",SUMIFS($AD$4:$AD$97,$AA$4:$AA$97,$BD7,$R$4:$R$97,$CN7)+SUMIFS($AC$4:$AC$97,$AF$4:$AF$97,$BD7,$Q$4:$Q$97,$CN7))} -> 7 | CQ7: {=IF($CN7="-","-",CO7-CP7)} -> -4 | CR7: 1 | CS7: P.1 (4) | CT7: {=IF($CS7="-","-",SUMIFS($AC$4:$AC$97,$AA$4:$AA$97,$BD7,$U$4:$U$97,$CS7)+SUMIFS($AD$4:$AD$97,$AF$4:$AF$97,$BD7,$T$4:$T$97,$CS7))} -> 3 | CU7: 1 | CV7: P.1 (4) | CW7: {=IF(CV7="-","-",BL7)} -> -4 | CX7: 1 | CY7: P.1 (4) | CZ7: {=IF(CY7="-","-",BJ7)} -> 3 | DA7: 1 | DB7: P.1 (4) | DC7: 2 | DD7: 2 | DF7: {=IF(OR(INDEX($AW$6:$AW$97,MATCH($BD7,$AV$6:$AV$97,0))="",DB7="-"),DD7,INDEX($AW$6:$AW$97,MATCH($BD7,$AV$6:$AV$97,0))+DD7/1000)} -> 2 | DG7: 1 | DH7: 2 | DJ7: {=INDEX($DA$6:$DA$53,MATCH($DQ7,$BD$6:$BD$53,0))} -> 1 | DK7: {=SUMIF($BC$6:$BC$53,BC7,$BF$6:$BF$53)} -> 12 | DL7: {=IF(OR(DK7=12,$AJ$99=144),COUNTIFS($DJ$6:$DJ$53,DJ7,$BC$6:$BC$53,BC7),1)} -> 4 | DM7: {=DJ7&"."&DL7} -> 1.4 | DN7: 1 | DP7: 2A | DQ7: {=INDEX($BD$6:$BD$53,MATCH(DP7,$BM$6:$BM$53,0))} -> Sudáfrica
A8: República Checa | D8: {=IF(OR(AC8="",AD8=""),"Pendiente",IF(AC8>AD8,"Local",IF(AC8<AD8,"Visitante","Empate")))} -> Visitante | E8: {=IF(D8="Pendiente","-",INDEX($BT$6:$BT$53,MATCH($AA8,$BD$6:$BD$53,0)))} -> P.1 (4) | F8: {=IF(D8="Pendiente","-",INDEX($BT$6:$BT$53,MATCH($AF8,$BD$6:$BD$53,0)))} -> P.1 (4) | H8: {=IF(D8="Pendiente","-",INDEX($BZ$6:$BZ$53,MATCH($AA8,$BD$6:$BD$53,0)))} -> P.1 (4) | I8: {=IF(D8="Pendiente","-",INDEX($BZ$6:$BZ$53,MATCH($AF8,$BD$6:$BD$53,0)))} -> P.1 (4) | K8: {=IF(D8="Pendiente","-",INDEX($CE$6:$CE$53,MATCH($AA8,$BD$6:$BD$53,0)))} -> P.1 (4) | L8: {=IF(D8="Pendiente","-",INDEX($CE$6:$CE$53,MATCH($AF8,$BD$6:$BD$53,0)))} -> P.1 (4) | N8: {=IF(D8="Pendiente","-",INDEX($CH$6:$CH$53,MATCH($AA8,$BD$6:$BD$53,0)))} -> P.1 (4) | O8: {=IF(D8="Pendiente","-",INDEX($CH$6:$CH$53,MATCH($AF8,$BD$6:$BD$53,0)))} -> P.1 (4) | Q8: {=IF(D8="Pendiente","-",INDEX($CN$6:$CN$53,MATCH($AA8,$BD$6:$BD$53,0)))} -> P.1 (4) | R8: {=IF(D8="Pendiente","-",INDEX($CN$6:$CN$53,MATCH($AF8,$BD$6:$BD$53,0)))} -> P.1 (4) | T8: {=IF(D8="Pendiente","-",INDEX($CS$6:$CS$53,MATCH($AA8,$BD$6:$BD$53,0)))} -> P.1 (4) | U8: {=IF(D8="Pendiente","-",INDEX($CS$6:$CS$53,MATCH($AF8,$BD$6:$BD$53,0)))} -> P.1 (4) | X8: 46197.875 | Y8: 46197.875 | Z8: J3 | AA8: {=A8} -> República Checa | AC8: 0 | AD8: 3 | AF8: {=A5} -> México | AG8: {=IF(NOT(OR(ISBLANK(AC8),ISBLANK(AD8))),1,0)} -> 1 | AH8: 53 | AI8: {=AJ8&$B$4} -> 3A | AJ8: 3 | AL8: {=IFERROR(INDEX($BD$6:$BD$53,MATCH(AI8,$BN$6:$BN$53,0)),"")} -> Corea del Sur | AM8: {=INDEX($BE$6:$BN$53,MATCH($AL8,$BD$6:$BD$53,0),MATCH(AM$5,$BE$5:$BN$5,0))} -> 6 | AN8: {=INDEX($BE$6:$BN$53,MATCH($AL8,$BD$6:$BD$53,0),MATCH(AN$5,$BE$5:$BN$5,0))} -> 3 | AO8: {=INDEX($BE$6:$BN$53,MATCH($AL8,$BD$6:$BD$53,0),MATCH(AO$5,$BE$5:$BN$5,0))} -> 2 | AP8: {=INDEX($BE$6:$BN$53,MATCH($AL8,$BD$6:$BD$53,0),MATCH(AP$5,$BE$5:$BN$5,0))} -> 0 | AQ8: {=INDEX($BE$6:$BN$53,MATCH($AL8,$BD$6:$BD$53,0),MATCH(AQ$5,$BE$5:$BN$5,0))} -> 1 | AR8: {=INDEX($BE$6:$BN$53,MATCH($AL8,$BD$6:$BD$53,0),MATCH(AR$5,$BE$5:$BN$5,0))} -> 6 | AS8: {=INDEX($BE$6:$BN$53,MATCH($AL8,$BD$6:$BD$53,0),MATCH(AS$5,$BE$5:$BN$5,0))} -> 4 | AT8: {=INDEX($BE$6:$BN$53,MATCH($AL8,$BD$6:$BD$53,0),MATCH(AT$5,$BE$5:$BN$5,0))} -> 2 | AU8: {=INDEX($DL$6:$DL$53,MATCH(AI8,$DP$6:$DP$53,0))} -> 4 | AV8: {=INDEX($BD$6:$BD$53,MATCH(AI8,$BM$6:$BM$53,0))} -> Corea del Sur | AY8: {=A7} -> Corea del Sur | BC8: A | BD8: Corea del Sur | BE8: {=BG8*3+BH8+IF($AZ$3="No",0,INDEX($AZ$6:$AZ$97,MATCH(BD8,$AY$6:$AY$97,0)))} -> 6 | BF8: {=BG8+BH8+BI8} -> 3 | BG8: {=COUNTIFS($AA$4:$AA$97,BD8,$D$4:$D$97,"Local")+COUNTIFS($AF$4:$AF$97,BD8,$D$4:$D$97,"Visitante")} -> 2 | BH8: {=COUNTIFS($AA$4:$AA$97,BD8,$D$4:$D$97,"Empate")+COUNTIFS($AF$4:$AF$97,BD8,$D$4:$D$97,"Empate")} -> 0 | BI8: {=COUNTIFS($AF$4:$AF$97,BD8,$D$4:$D$97,"Local")+COUNTIFS($AA$4:$AA$97,BD8,$D$4:$D$97,"Visitante")} -> 1 | BJ8: {=SUMIFS($AC$4:$AC$97,$AA$4:$AA$97,BD8,$D$4:$D$97,"<>"&"Pendiente",$AC$4:$AC$97,"<>"&"",$AD$4:$AD$97,"<>"&"")+SUMIFS($AD$4:$AD$97,$AF$4:$AF$97,BD8,$D$4:$D$97,"<>"&"Pendiente",$AC$4:$AC$97,"<>"&"",$AD$4:$AD$97,"<>"&"")} -> 6 | BK8: {=SUMIFS($AC$4:$AC$97,$AF$4:$AF$97,BD8,$D$4:$D$97,"<>"&"Pendiente",$AC$4:$AC$97,"<>"&"",$AD$4:$AD$97,"<>"&"")+SUMIFS($AD$4:$AD$97,$AA$4:$AA$97,BD8,$D$4:$D$97,"<>"&"Pendiente",$AC$4:$AC$97,"<>"&"",$AD$4:$AD$97,"<>"&"")} -> 4 | BL8: {=BJ8-BK8} -> 2 | BM8: {=DD8&BC8} -> 3A | BN8: {=DH8&BC8} -> 3A | BO8: {=IF(AND($AJ$99=144,BF8>=1),1,0)} -> 0 | BP8: 1 | BQ8: P.1 (4) | BR8: {=IF($BQ8="-","-",BE8)} -> 6 | BS8: 1 | BT8: P.1 (4) | BU8: {=IF($BT8="-","-",COUNTIFS($AA$4:$AA$97,$BD8,$D$4:$D$97,"Local",$F$4:$F$97,$BT8)+COUNTIFS($AF$4:$AF$97,$BD8,$D$4:$D$97,"Visitante",$E$4:$E$97,$BT8))} -> 2 | BV8: {=IF($BT8="-","-",COUNTIFS($AA$4:$AA$97,$BD8,$D$4:$D$97,"Empate",$F$4:$F$97,$BT8)+COUNTIFS($AF$4:$AF$97,$BD8,$D$4:$D$97,"Empate",$E$4:$E$97,$BT8))} -> 0 | BW8: {=IF($BT8="-","-",COUNTIFS($AA$4:$AA$97,$BD8,$D$4:$D$97,"Visitante",$F$4:$F$97,$BT8)+COUNTIFS($AF$4:$AF$97,$BD8,$D$4:$D$97,"Local",$E$4:$E$97,$BT8))} -> 1 | BX8: {=IF($BT8="-","-",BU8*3+BV8)} -> 6 | BY8: 1 | BZ8: P.1 (4) | CA8: {=IF($BZ8="-","-",SUMIFS($AC$4:$AC$97,$AA$4:$AA$97,$BD8,$I$4:$I$97,$BZ8)+SUMIFS($AD$4:$AD$97,$AF$4:$AF$97,$BD8,$H$4:$H$97,$BZ8))} -> 6 | CB8: {=IF($BZ8="-","-",SUMIFS($AD$4:$AD$97,$AA$4:$AA$97,$BD8,$I$4:$I$97,$BZ8)+SUMIFS($AC$4:$AC$97,$AF$4:$AF$97,$BD8,$H$4:$H$97,$BZ8))} -> 4 | CC8: {=IF($BZ8="-","-",CA8-CB8)} -> 2 | CD8: 1 | CE8: P.1 (4) | CF8: {=IF($CE8="-","-",SUMIFS($AC$4:$AC$97,$AA$4:$AA$97,$BD8,$L$4:$L$97,$CE8)+SUMIFS($AD$4:$AD$97,$AF$4:$AF$97,$BD8,$K$4:$K$97,$CE8))} -> 6 | CG8: 1 | CH8: P.1 (4) | CI8: {=IF($CH8="-","-",COUNTIFS($AA$4:$AA$97,$BD8,$D$4:$D$97,"Local",$O$4:$O$97,$CH8)+COUNTIFS($AF$4:$AF$97,$BD8,$D$4:$D$97,"Visitante",$N$4:$N$97,$CH8))} -> 2 | CJ8: {=IF($CH8="-","-",COUNTIFS($AA$4:$AA$97,$BD8,$D$4:$D$97,"Empate",$O$4:$O$97,$CH8)+COUNTIFS($AF$4:$AF$97,$BD8,$D$4:$D$97,"Empate",$N$4:$N$97,$CH8))} -> 0 | CK8: {=IF($CH8="-","-",COUNTIFS($AA$4:$AA$97,$BD8,$D$4:$D$97,"Visitante",$O$4:$O$97,$CH8)+COUNTIFS($AF$4:$AF$97,$BD8,$D$4:$D$97,"Local",$N$4:$N$97,$CH8))} -> 1 | CL8: {=IF($CH8="-","-",CI8*3+CJ8)} -> 6 | CM8: 1 | CN8: P.1 (4) | CO8: {=IF($CN8="-","-",SUMIFS($AC$4:$AC$97,$AA$4:$AA$97,$BD8,$R$4:$R$97,$CN8)+SUMIFS($AD$4:$AD$97,$AF$4:$AF$97,$BD8,$Q$4:$Q$97,$CN8))} -> 6 | CP8: {=IF($CN8="-","-",SUMIFS($AD$4:$AD$97,$AA$4:$AA$97,$BD8,$R$4:$R$97,$CN8)+SUMIFS($AC$4:$AC$97,$AF$4:$AF$97,$BD8,$Q$4:$Q$97,$CN8))} -> 4 | CQ8: {=IF($CN8="-","-",CO8-CP8)} -> 2 | CR8: 1 | CS8: P.1 (4) | CT8: {=IF($CS8="-","-",SUMIFS($AC$4:$AC$97,$AA$4:$AA$97,$BD8,$U$4:$U$97,$CS8)+SUMIFS($AD$4:$AD$97,$AF$4:$AF$97,$BD8,$T$4:$T$97,$CS8))} -> 6 | CU8: 1 | CV8: P.1 (4) | CW8: {=IF(CV8="-","-",BL8)} -> 2 | CX8: 1 | CY8: P.1 (4) | CZ8: {=IF(CY8="-","-",BJ8)} -> 6 | DA8: 1 | DB8: P.1 (4) | DC8: 3 | DD8: 3 | DF8: {=IF(OR(INDEX($AW$6:$AW$97,MATCH($BD8,$AV$6:$AV$97,0))="",DB8="-"),DD8,INDEX($AW$6:$AW$97,MATCH($BD8,$AV$6:$AV$97,0))+DD8/1000)} -> 3 | DG8: 2 | DH8: 3 | DJ8: {=INDEX($DA$6:$DA$53,MATCH($DQ8,$BD$6:$BD$53,0))} -> 1 | DK8: {=SUMIF($BC$6:$BC$53,BC8,$BF$6:$BF$53)} -> 12 | DL8: {=IF(OR(DK8=12,$AJ$99=144),COUNTIFS($DJ$6:$DJ$53,DJ8,$BC$6:$BC$53,BC8),1)} -> 4 | DM8: {=DJ8&"."&DL8} -> 1.4 | DN8: 1 | DP8: 3A | DQ8: {=INDEX($BD$6:$BD$53,MATCH(DP8,$BM$6:$BM$53,0))} -> Corea del Sur
D9: {=IF(OR(AC9="",AD9=""),"Pendiente",IF(AC9>AD9,"Local",IF(AC9<AD9,"Visitante","Empate")))} -> Visitante | E9: {=IF(D9="Pendiente","-",INDEX($BT$6:$BT$53,MATCH($AA9,$BD$6:$BD$53,0)))} -> P.1 (4) | F9: {=IF(D9="Pendiente","-",INDEX($BT$6:$BT$53,MATCH($AF9,$BD$6:$BD$53,0)))} -> P.1 (4) | H9: {=IF(D9="Pendiente","-",INDEX($BZ$6:$BZ$53,MATCH($AA9,$BD$6:$BD$53,0)))} -> P.1 (4) | I9: {=IF(D9="Pendiente","-",INDEX($BZ$6:$BZ$53,MATCH($AF9,$BD$6:$BD$53,0)))} -> P.1 (4) | K9: {=IF(D9="Pendiente","-",INDEX($CE$6:$CE$53,MATCH($AA9,$BD$6:$BD$53,0)))} -> P.1 (4) | L9: {=IF(D9="Pendiente","-",INDEX($CE$6:$CE$53,MATCH($AF9,$BD$6:$BD$53,0)))} -> P.1 (4) | N9: {=IF(D9="Pendiente","-",INDEX($CH$6:$CH$53,MATCH($AA9,$BD$6:$BD$53,0)))} -> P.1 (4) | O9: {=IF(D9="Pendiente","-",INDEX($CH$6:$CH$53,MATCH($AF9,$BD$6:$BD$53,0)))} -> P.1 (4) | Q9: {=IF(D9="Pendiente","-",INDEX($CN$6:$CN$53,MATCH($AA9,$BD$6:$BD$53,0)))} -> P.1 (4) | R9: {=IF(D9="Pendiente","-",INDEX($CN$6:$CN$53,MATCH($AF9,$BD$6:$BD$53,0)))} -> P.1 (4) | T9: {=IF(D9="Pendiente","-",INDEX($CS$6:$CS$53,MATCH($AA9,$BD$6:$BD$53,0)))} -> P.1 (4) | U9: {=IF(D9="Pendiente","-",INDEX($CS$6:$CS$53,MATCH($AF9,$BD$6:$BD$53,0)))} -> P.1 (4) | X9: 46197.875 | Y9: 46197.875 | Z9: {=$Z$8} -> J3 | AA9: {=A6} -> Sudáfrica | AC9: 1 | AD9: 3 | AF9: {=A7} -> Corea del Sur | AG9: {=IF(NOT(OR(ISBLANK(AC9),ISBLANK(AD9))),1,0)} -> 1 | AH9: 54 | AI9: {=AJ9&$B$4} -> 4A | AJ9: 4 | AL9: {=IFERROR(INDEX($BD$6:$BD$53,MATCH(AI9,$BN$6:$BN$53,0)),"")} -> República Checa | AM9: {=INDEX($BE$6:$BN$53,MATCH($AL9,$BD$6:$BD$53,0),MATCH(AM$5,$BE$5:$BN$5,0))} -> 3 | AN9: {=INDEX($BE$6:$BN$53,MATCH($AL9,$BD$6:$BD$53,0),MATCH(AN$5,$BE$5:$BN$5,0))} -> 3 | AO9: {=INDEX($BE$6:$BN$53,MATCH($AL9,$BD$6:$BD$53,0),MATCH(AO$5,$BE$5:$BN$5,0))} -> 1 | AP9: {=INDEX($BE$6:$BN$53,MATCH($AL9,$BD$6:$BD$53,0),MATCH(AP$5,$BE$5:$BN$5,0))} -> 0 | AQ9: {=INDEX($BE$6:$BN$53,MATCH($AL9,$BD$6:$BD$53,0),MATCH(AQ$5,$BE$5:$BN$5,0))} -> 2 | AR9: {=INDEX($BE$6:$BN$53,MATCH($AL9,$BD$6:$BD$53,0),MATCH(AR$5,$BE$5:$BN$5,0))} -> 3 | AS9: {=INDEX($BE$6:$BN$53,MATCH($AL9,$BD$6:$BD$53,0),MATCH(AS$5,$BE$5:$BN$5,0))} -> 6 | AT9: {=INDEX($BE$6:$BN$53,MATCH($AL9,$BD$6:$BD$53,0),MATCH(AT$5,$BE$5:$BN$5,0))} -> -3 | AU9: {=INDEX($DL$6:$DL$53,MATCH(AI9,$DP$6:$DP$53,0))} -> 4 | AV9: {=INDEX($BD$6:$BD$53,MATCH(AI9,$BM$6:$BM$53,0))} -> República Checa | AY9: {=A8} -> República Checa | BC9: A | BD9: República Checa | BE9: {=BG9*3+BH9+IF($AZ$3="No",0,INDEX($AZ$6:$AZ$97,MATCH(BD9,$AY$6:$AY$97,0)))} -> 3 | BF9: {=BG9+BH9+BI9} -> 3 | BG9: {=COUNTIFS($AA$4:$AA$97,BD9,$D$4:$D$97,"Local")+COUNTIFS($AF$4:$AF$97,BD9,$D$4:$D$97,"Visitante")} -> 1 | BH9: {=COUNTIFS($AA$4:$AA$97,BD9,$D$4:$D$97,"Empate")+COUNTIFS($AF$4:$AF$97,BD9,$D$4:$D$97,"Empate")} -> 0 | BI9: {=COUNTIFS($AF$4:$AF$97,BD9,$D$4:$D$97,"Local")+COUNTIFS($AA$4:$AA$97,BD9,$D$4:$D$97,"Visitante")} -> 2 | BJ9: {=SUMIFS($AC$4:$AC$97,$AA$4:$AA$97,BD9,$D$4:$D$97,"<>"&"Pendiente",$AC$4:$AC$97,"<>"&"",$AD$4:$AD$97,"<>"&"")+SUMIFS($AD$4:$AD$97,$AF$4:$AF$97,BD9,$D$4:$D$97,"<>"&"Pendiente",$AC$4:$AC$97,"<>"&"",$AD$4:$AD$97,"<>"&"")} -> 3 | BK9: {=SUMIFS($AC$4:$AC$97,$AF$4:$AF$97,BD9,$D$4:$D$97,"<>"&"Pendiente",$AC$4:$AC$97,"<>"&"",$AD$4:$AD$97,"<>"&"")+SUMIFS($AD$4:$AD$97,$AA$4:$AA$97,BD9,$D$4:$D$97,"<>"&"Pendiente",$AC$4:$AC$97,"<>"&"",$AD$4:$AD$97,"<>"&"")} -> 6 | BL9: {=BJ9-BK9} -> -3 | BM9: {=DD9&BC9} -> 4A | BN9: {=DH9&BC9} -> 4A | BO9: {=IF(AND($AJ$99=144,BF9>=1),1,0)} -> 0 | BP9: 1 | BQ9: P.1 (4) | BR9: {=IF($BQ9="-","-",BE9)} -> 3 | BS9: 1 | BT9: P.1 (4) | BU9: {=IF($BT9="-","-",COUNTIFS($AA$4:$AA$97,$BD9,$D$4:$D$97,"Local",$F$4:$F$97,$BT9)+COUNTIFS($AF$4:$AF$97,$BD9,$D$4:$D$97,"Visitante",$E$4:$E$97,$BT9))} -> 1 | BV9: {=IF($BT9="-","-",COUNTIFS($AA$4:$AA$97,$BD9,$D$4:$D$97,"Empate",$F$4:$F$97,$BT9)+COUNTIFS($AF$4:$AF$97,$BD9,$D$4:$D$97,"Empate",$E$4:$E$97,$BT9))} -> 0 | BW9: {=IF($BT9="-","-",COUNTIFS($AA$4:$AA$97,$BD9,$D$4:$D$97,"Visitante",$F$4:$F$97,$BT9)+COUNTIFS($AF$4:$AF$97,$BD9,$D$4:$D$97,"Local",$E$4:$E$97,$BT9))} -> 2 | BX9: {=IF($BT9="-","-",BU9*3+BV9)} -> 3 | BY9: 1 | BZ9: P.1 (4) | CA9: {=IF($BZ9="-","-",SUMIFS($AC$4:$AC$97,$AA$4:$AA$97,$BD9,$I$4:$I$97,$BZ9)+SUMIFS($AD$4:$AD$97,$AF$4:$AF$97,$BD9,$H$4:$H$97,$BZ9))} -> 3 | CB9: {=IF($BZ9="-","-",SUMIFS($AD$4:$AD$97,$AA$4:$AA$97,$BD9,$I$4:$I$97,$BZ9)+SUMIFS($AC$4:$AC$97,$AF$4:$AF$97,$BD9,$H$4:$H$97,$BZ9))} -> 6 | CC9: {=IF($BZ9="-","-",CA9-CB9)} -> -3 | CD9: 1 | CE9: P.1 (4) | CF9: {=IF($CE9="-","-",SUMIFS($AC$4:$AC$97,$AA$4:$AA$97,$BD9,$L$4:$L$97,$CE9)+SUMIFS($AD$4:$AD$97,$AF$4:$AF$97,$BD9,$K$4:$K$97,$CE9))} -> 3 | CG9: 1 | CH9: P.1 (4) | CI9: {=IF($CH9="-","-",COUNTIFS($AA$4:$AA$97,$BD9,$D$4:$D$97,"Local",$O$4:$O$97,$CH9)+COUNTIFS($AF$4:$AF$97,$BD9,$D$4:$D$97,"Visitante",$N$4:$N$97,$CH9))} -> 1 | CJ9: {=IF($CH9="-","-",COUNTIFS($AA$4:$AA$97,$BD9,$D$4:$D$97,"Empate",$O$4:$O$97,$CH9)+COUNTIFS($AF$4:$AF$97,$BD9,$D$4:$D$97,"Empate",$N$4:$N$97,$CH9))} -> 0 | CK9: {=IF($CH9="-","-",COUNTIFS($AA$4:$AA$97,$BD9,$D$4:$D$97,"Visitante",$O$4:$O$97,$CH9)+COUNTIFS($AF$4:$AF$97,$BD9,$D$4:$D$97,"Local",$N$4:$N$97,$CH9))} -> 2 | CL9: {=IF($CH9="-","-",CI9*3+CJ9)} -> 3 | CM9: 1 | CN9: P.1 (4) | CO9: {=IF($CN9="-","-",SUMIFS($AC$4:$AC$97,$AA$4:$AA$97,$BD9,$R$4:$R$97,$CN9)+SUMIFS($AD$4:$AD$97,$AF$4:$AF$97,$BD9,$Q$4:$Q$97,$CN9))} -> 3 | CP9: {=IF($CN9="-","-",SUMIFS($AD$4:$AD$97,$AA$4:$AA$97,$BD9,$R$4:$R$97,$CN9)+SUMIFS($AC$4:$AC$97,$AF$4:$AF$97,$BD9,$Q$4:$Q$97,$CN9))} -> 6 | CQ9: {=IF($CN9="-","-",CO9-CP9)} -> -3 | CR9: 1 | CS9: P.1 (4) | CT9: {=IF($CS9="-","-",SUMIFS($AC$4:$AC$97,$AA$4:$AA$97,$BD9,$U$4:$U$97,$CS9)+SUMIFS($AD$4:$AD$97,$AF$4:$AF$97,$BD9,$T$4:$T$97,$CS9))} -> 3 | CU9: 1 | CV9: P.1 (4) | CW9: {=IF(CV9="-","-",BL9)} -> -3 | CX9: 1 | CY9: P.1 (4) | CZ9: {=IF(CY9="-","-",BJ9)} -> 3 | DA9: 1 | DB9: P.1 (4) | DC9: 4 | DD9: 4 | DF9: {=IF(OR(INDEX($AW$6:$AW$97,MATCH($BD9,$AV$6:$AV$97,0))="",DB9="-"),DD9,INDEX($AW$6:$AW$97,MATCH($BD9,$AV$6:$AV$97,0))+DD9/1000)} -> 4 | DG9: 3 | DH9: 4 | DJ9: {=INDEX($DA$6:$DA$53,MATCH($DQ9,$BD$6:$BD$53,0))} -> 1 | DK9: {=SUMIF($BC$6:$BC$53,BC9,$BF$6:$BF$53)} -> 12 | DL9: {=IF(OR(DK9=12,$AJ$99=144),COUNTIFS($DJ$6:$DJ$53,DJ9,$BC$6:$BC$53,BC9),1)} -> 4 | DM9: {=DJ9&"."&DL9} -> 1.4 | DN9: 1 | DP9: 4A | DQ9: {=INDEX($BD$6:$BD$53,MATCH(DP9,$BM$6:$BM$53,0))} -> República Checa
BC10: B | BD10: Canadá | BE10: {=BG10*3+BH10+IF($AZ$3="No",0,INDEX($AZ$6:$AZ$97,MATCH(BD10,$AY$6:$AY$97,0)))} -> 7 | BF10: {=BG10+BH10+BI10} -> 3 | BG10: {=COUNTIFS($AA$4:$AA$97,BD10,$D$4:$D$97,"Local")+COUNTIFS($AF$4:$AF$97,BD10,$D$4:$D$97,"Visitante")} -> 2 | BH10: {=COUNTIFS($AA$4:$AA$97,BD10,$D$4:$D$97,"Empate")+COUNTIFS($AF$4:$AF$97,BD10,$D$4:$D$97,"Empate")} -> 1 | BI10: {=COUNTIFS($AF$4:$AF$97,BD10,$D$4:$D$97,"Local")+COUNTIFS($AA$4:$AA$97,BD10,$D$4:$D$97,"Visitante")} -> 0 | BJ10: {=SUMIFS($AC$4:$AC$97,$AA$4:$AA$97,BD10,$D$4:$D$97,"<>"&"Pendiente",$AC$4:$AC$97,"<>"&"",$AD$4:$AD$97,"<>"&"")+SUMIFS($AD$4:$AD$97,$AF$4:$AF$97,BD10,$D$4:$D$97,"<>"&"Pendiente",$AC$4:$AC$97,"<>"&"",$AD$4:$AD$97,"<>"&"")} -> 4 | BK10: {=SUMIFS($AC$4:$AC$97,$AF$4:$AF$97,BD10,$D$4:$D$97,"<>"&"Pendiente",$AC$4:$AC$97,"<>"&"",$AD$4:$AD$97,"<>"&"")+SUMIFS($AD$4:$AD$97,$AA$4:$AA$97,BD10,$D$4:$D$97,"<>"&"Pendiente",$AC$4:$AC$97,"<>"&"",$AD$4:$AD$97,"<>"&"")} -> 2 | BL10: {=BJ10-BK10} -> 2 | BM10: {=DD10&BC10} -> 1B | BN10: {=DH10&BC10} -> 1B | BO10: {=IF(AND($AJ$99=144,BF10>=1),1,0)} -> 0 | BP10: 1 | BQ10: P.1 (4) | BR10: {=IF($BQ10="-","-",BE10)} -> 7 | BS10: 1 | BT10: P.1 (4) | BU10: {=IF($BT10="-","-",COUNTIFS($AA$4:$AA$97,$BD10,$D$4:$D$97,"Local",$F$4:$F$97,$BT10)+COUNTIFS($AF$4:$AF$97,$BD10,$D$4:$D$97,"Visitante",$E$4:$E$97,$BT10))} -> 2 | BV10: {=IF($BT10="-","-",COUNTIFS($AA$4:$AA$97,$BD10,$D$4:$D$97,"Empate",$F$4:$F$97,$BT10)+COUNTIFS($AF$4:$AF$97,$BD10,$D$4:$D$97,"Empate",$E$4:$E$97,$BT10))} -> 1 | BW10: {=IF($BT10="-","-",COUNTIFS($AA$4:$AA$97,$BD10,$D$4:$D$97,"Visitante",$F$4:$F$97,$BT10)+COUNTIFS($AF$4:$AF$97,$BD10,$D$4:$D$97,"Local",$E$4:$E$97,$BT10))} -> 0 | BX10: {=IF($BT10="-","-",BU10*3+BV10)} -> 7 | BY10: 1 | BZ10: P.1 (4) | CA10: {=IF($BZ10="-","-",SUMIFS($AC$4:$AC$97,$AA$4:$AA$97,$BD10,$I$4:$I$97,$BZ10)+SUMIFS($AD$4:$AD$97,$AF$4:$AF$97,$BD10,$H$4:$H$97,$BZ10))} -> 4 | CB10: {=IF($BZ10="-","-",SUMIFS($AD$4:$AD$97,$AA$4:$AA$97,$BD10,$I$4:$I$97,$BZ10)+SUMIFS($AC$4:$AC$97,$AF$4:$AF$97,$BD10,$H$4:$H$97,$BZ10))} -> 2 | CC10: {=IF($BZ10="-","-",CA10-CB10)} -> 2 | CD10: 1 | CE10: P.1 (4) | CF10: {=IF($CE10="-","-",SUMIFS($AC$4:$AC$97,$AA$4:$AA$97,$BD10,$L$4:$L$97,$CE10)+SUMIFS($AD$4:$AD$97,$AF$4:$AF$97,$BD10,$K$4:$K$97,$CE10))} -> 4 | CG10: 1 | CH10: P.1 (4) | CI10: {=IF($CH10="-","-",COUNTIFS($AA$4:$AA$97,$BD10,$D$4:$D$97,"Local",$O$4:$O$97,$CH10)+COUNTIFS($AF$4:$AF$97,$BD10,$D$4:$D$97,"Visitante",$N$4:$N$97,$CH10))} -> 2 | CJ10: {=IF($CH10="-","-",COUNTIFS($AA$4:$AA$97,$BD10,$D$4:$D$97,"Empate",$O$4:$O$97,$CH10)+COUNTIFS($AF$4:$AF$97,$BD10,$D$4:$D$97,"Empate",$N$4:$N$97,$CH10))} -> 1 | CK10: {=IF($CH10="-","-",COUNTIFS($AA$4:$AA$97,$BD10,$D$4:$D$97,"Visitante",$O$4:$O$97,$CH10)+COUNTIFS($AF$4:$AF$97,$BD10,$D$4:$D$97,"Local",$N$4:$N$97,$CH10))} -> 0 | CL10: {=IF($CH10="-","-",CI10*3+CJ10)} -> 7 | CM10: 1 | CN10: P.1 (4) | CO10: {=IF($CN10="-","-",SUMIFS($AC$4:$AC$97,$AA$4:$AA$97,$BD10,$R$4:$R$97,$CN10)+SUMIFS($AD$4:$AD$97,$AF$4:$AF$97,$BD10,$Q$4:$Q$97,$CN10))} -> 4 | CP10: {=IF($CN10="-","-",SUMIFS($AD$4:$AD$97,$AA$4:$AA$97,$BD10,$R$4:$R$97,$CN10)+SUMIFS($AC$4:$AC$97,$AF$4:$AF$97,$BD10,$Q$4:$Q$97,$CN10))} -> 2 | CQ10: {=IF($CN10="-","-",CO10-CP10)} -> 2 | CR10: 1 | CS10: P.1 (4) | CT10: {=IF($CS10="-","-",SUMIFS($AC$4:$AC$97,$AA$4:$AA$97,$BD10,$U$4:$U$97,$CS10)+SUMIFS($AD$4:$AD$97,$AF$4:$AF$97,$BD10,$T$4:$T$97,$CS10))} -> 4 | CU10: 1 | CV10: P.1 (4) | CW10: {=IF(CV10="-","-",BL10)} -> 2 | CX10: 1 | CY10: P.1 (4) | CZ10: {=IF(CY10="-","-",BJ10)} -> 4 | DA10: 1 | DB10: P.1 (4) | DC10: 1 | DD10: 1 | DF10: {=IF(OR(INDEX($AW$6:$AW$97,MATCH($BD10,$AV$6:$AV$97,0))="",DB10="-"),DD10,INDEX($AW$6:$AW$97,MATCH($BD10,$AV$6:$AV$97,0))+DD10/1000)} -> 1 | DG10: 0 | DH10: 1 | DJ10: {=INDEX($DA$6:$DA$53,MATCH($DQ10,$BD$6:$BD$53,0))} -> 1 | DK10: {=SUMIF($BC$6:$BC$53,BC10,$BF$6:$BF$53)} -> 12 | DL10: {=IF(OR(DK10=12,$AJ$99=144),COUNTIFS($DJ$6:$DJ$53,DJ10,$BC$6:$BC$53,BC10),1)} -> 4 | DM10: {=DJ10&"."&DL10} -> 1.4 | DN10: 1 | DP10: 1B | DQ10: {=INDEX($BD$6:$BD$53,MATCH(DP10,$BM$6:$BM$53,0))} -> Canadá
X11: {=X3} -> Fecha | Y11: {=Y3} -> Hora | Z11: {=Z3} -> Jor. | AA11: {=AA3} -> Casa | AC11: {=AC3} -> Gol | AD11: {=AD3} -> Gol | AF11: {=AF3} -> Fuera | BC11: B | BD11: Bosnia y Herzegovina | BE11: {=BG11*3+BH11+IF($AZ$3="No",0,INDEX($AZ$6:$AZ$97,MATCH(BD11,$AY$6:$AY$97,0)))} -> 0 | BF11: {=BG11+BH11+BI11} -> 3 | BG11: {=COUNTIFS($AA$4:$AA$97,BD11,$D$4:$D$97,"Local")+COUNTIFS($AF$4:$AF$97,BD11,$D$4:$D$97,"Visitante")} -> 0 | BH11: {=COUNTIFS($AA$4:$AA$97,BD11,$D$4:$D$97,"Empate")+COUNTIFS($AF$4:$AF$97,BD11,$D$4:$D$97,"Empate")} -> 0 | BI11: {=COUNTIFS($AF$4:$AF$97,BD11,$D$4:$D$97,"Local")+COUNTIFS($AA$4:$AA$97,BD11,$D$4:$D$97,"Visitante")} -> 3 | BJ11: {=SUMIFS($AC$4:$AC$97,$AA$4:$AA$97,BD11,$D$4:$D$97,"<>"&"Pendiente",$AC$4:$AC$97,"<>"&"",$AD$4:$AD$97,"<>"&"")+SUMIFS($AD$4:$AD$97,$AF$4:$AF$97,BD11,$D$4:$D$97,"<>"&"Pendiente",$AC$4:$AC$97,"<>"&"",$AD$4:$AD$97,"<>"&"")} -> 1 | BK11: {=SUMIFS($AC$4:$AC$97,$AF$4:$AF$97,BD11,$D$4:$D$97,"<>"&"Pendiente",$AC$4:$AC$97,"<>"&"",$AD$4:$AD$97,"<>"&"")+SUMIFS($AD$4:$AD$97,$AA$4:$AA$97,BD11,$D$4:$D$97,"<>"&"Pendiente",$AC$4:$AC$97,"<>"&"",$AD$4:$AD$97,"<>"&"")} -> 5 | BL11: {=BJ11-BK11} -> -4 | BM11: {=DD11&BC11} -> 2B | BN11: {=DH11&BC11} -> 2B | BO11: {=IF(AND($AJ$99=144,BF11>=1),1,0)} -> 0 | BP11: 1 | BQ11: P.1 (4) | BR11: {=IF($BQ11="-","-",BE11)} -> 0 | BS11: 1 | BT11: P.1 (4) | BU11: {=IF($BT11="-","-",COUNTIFS($AA$4:$AA$97,$BD11,$D$4:$D$97,"Local",$F$4:$F$97,$BT11)+COUNTIFS($AF$4:$AF$97,$BD11,$D$4:$D$97,"Visitante",$E$4:$E$97,$BT11))} -> 0 | BV11: {=IF($BT11="-","-",COUNTIFS($AA$4:$AA$97,$BD11,$D$4:$D$97,"Empate",$F$4:$F$97,$BT11)+COUNTIFS($AF$4:$AF$97,$BD11,$D$4:$D$97,"Empate",$E$4:$E$97,$BT11))} -> 0 | BW11: {=IF($BT11="-","-",COUNTIFS($AA$4:$AA$97,$BD11,$D$4:$D$97,"Visitante",$F$4:$F$97,$BT11)+COUNTIFS($AF$4:$AF$97,$BD11,$D$4:$D$97,"Local",$E$4:$E$97,$BT11))} -> 3 | BX11: {=IF($BT11="-","-",BU11*3+BV11)} -> 0 | BY11: 1 | BZ11: P.1 (4) | CA11: {=IF($BZ11="-","-",SUMIFS($AC$4:$AC$97,$AA$4:$AA$97,$BD11,$I$4:$I$97,$BZ11)+SUMIFS($AD$4:$AD$97,$AF$4:$AF$97,$BD11,$H$4:$H$97,$BZ11))} -> 1 | CB11: {=IF($BZ11="-","-",SUMIFS($AD$4:$AD$97,$AA$4:$AA$97,$BD11,$I$4:$I$97,$BZ11)+SUMIFS($AC$4:$AC$97,$AF$4:$AF$97,$BD11,$H$4:$H$97,$BZ11))} -> 5 | CC11: {=IF($BZ11="-","-",CA11-CB11)} -> -4 | CD11: 1 | CE11: P.1 (4) | CF11: {=IF($CE11="-","-",SUMIFS($AC$4:$AC$97,$AA$4:$AA$97,$BD11,$L$4:$L$97,$CE11)+SUMIFS($AD$4:$AD$97,$AF$4:$AF$97,$BD11,$K$4:$K$97,$CE11))} -> 1 | CG11: 1 | CH11: P.1 (4) | CI11: {=IF($CH11="-","-",COUNTIFS($AA$4:$AA$97,$BD11,$D$4:$D$97,"Local",$O$4:$O$97,$CH11)+COUNTIFS($AF$4:$AF$97,$BD11,$D$4:$D$97,"Visitante",$N$4:$N$97,$CH11))} -> 0 | CJ11: {=IF($CH11="-","-",COUNTIFS($AA$4:$AA$97,$BD11,$D$4:$D$97,"Empate",$O$4:$O$97,$CH11)+COUNTIFS($AF$4:$AF$97,$BD11,$D$4:$D$97,"Empate",$N$4:$N$97,$CH11))} -> 0 | CK11: {=IF($CH11="-","-",COUNTIFS($AA$4:$AA$97,$BD11,$D$4:$D$97,"Visitante",$O$4:$O$97,$CH11)+COUNTIFS($AF$4:$AF$97,$BD11,$D$4:$D$97,"Local",$N$4:$N$97,$CH11))} -> 3 | CL11: {=IF($CH11="-","-",CI11*3+CJ11)} -> 0 | CM11: 1 | CN11: P.1 (4) | CO11: {=IF($CN11="-","-",SUMIFS($AC$4:$AC$97,$AA$4:$AA$97,$BD11,$R$4:$R$97,$CN11)+SUMIFS($AD$4:$AD$97,$AF$4:$AF$97,$BD11,$Q$4:$Q$97,$CN11))} -> 1 | CP11: {=IF($CN11="-","-",SUMIFS($AD$4:$AD$97,$AA$4:$AA$97,$BD11,$R$4:$R$97,$CN11)+SUMIFS($AC$4:$AC$97,$AF$4:$AF$97,$BD11,$Q$4:$Q$97,$CN11))} -> 5 | CQ11: {=IF($CN11="-","-",CO11-CP11)} -> -4 | CR11: 1 | CS11: P.1 (4) | CT11: {=IF($CS11="-","-",SUMIFS($AC$4:$AC$97,$AA$4:$AA$97,$BD11,$U$4:$U$97,$CS11)+SUMIFS($AD$4:$AD$97,$AF$4:$AF$97,$BD11,$T$4:$T$97,$CS11))} -> 1 | CU11: 1 | CV11: P.1 (4) | CW11: {=IF(CV11="-","-",BL11)} -> -4 | CX11: 1 | CY11: P.1 (4) | CZ11: {=IF(CY11="-","-",BJ11)} -> 1 | DA11: 1 | DB11: P.1 (4) | DC11: 2 | DD11: 2 | DF11: {=IF(OR(INDEX($AW$6:$AW$97,MATCH($BD11,$AV$6:$AV$97,0))="",DB11="-"),DD11,INDEX($AW$6:$AW$97,MATCH($BD11,$AV$6:$AV$97,0))+DD11/1000)} -> 2 | DG11: 1 | DH11: 2 | DJ11: {=INDEX($DA$6:$DA$53,MATCH($DQ11,$BD$6:$BD$53,0))} -> 1 | DK11: {=SUMIF($BC$6:$BC$53,BC11,$BF$6:$BF$53)} -> 12 | DL11: {=IF(OR(DK11=12,$AJ$99=144),COUNTIFS($DJ$6:$DJ$53,DJ11,$BC$6:$BC$53,BC11),1)} -> 4 | DM11: {=DJ11&"."&DL11} -> 1.4 | DN11: 1 | DP11: 2B | DQ11: {=INDEX($BD$6:$BD$53,MATCH(DP11,$BM$6:$BM$53,0))} -> Bosnia y Herzegovina
A12: NombreEquipo | B12: B | C12: 4 | D12: {=IF(OR(AC12="",AD12=""),"Pendiente",IF(AC12>AD12,"Local",IF(AC12<AD12,"Visitante","Empate")))} -> Local | E12: {=IF(D12="Pendiente","-",INDEX($BT$6:$BT$53,MATCH($AA12,$BD$6:$BD$53,0)))} -> P.1 (4) | F12: {=IF(D12="Pendiente","-",INDEX($BT$6:$BT$53,MATCH($AF12,$BD$6:$BD$53,0)))} -> P.1 (4) | H12: {=IF(D12="Pendiente","-",INDEX($BZ$6:$BZ$53,MATCH($AA12,$BD$6:$BD$53,0)))} -> P.1 (4) | I12: {=IF(D12="Pendiente","-",INDEX($BZ$6:$BZ$53,MATCH($AF12,$BD$6:$BD$53,0)))} -> P.1 (4) | K12: {=IF(D12="Pendiente","-",INDEX($CE$6:$CE$53,MATCH($AA12,$BD$6:$BD$53,0)))} -> P.1 (4) | L12: {=IF(D12="Pendiente","-",INDEX($CE$6:$CE$53,MATCH($AF12,$BD$6:$BD$53,0)))} -> P.1 (4) | N12: {=IF(D12="Pendiente","-",INDEX($CH$6:$CH$53,MATCH($AA12,$BD$6:$BD$53,0)))} -> P.1 (4) | O12: {=IF(D12="Pendiente","-",INDEX($CH$6:$CH$53,MATCH($AF12,$BD$6:$BD$53,0)))} -> P.1 (4) | Q12: {=IF(D12="Pendiente","-",INDEX($CN$6:$CN$53,MATCH($AA12,$BD$6:$BD$53,0)))} -> P.1 (4) | R12: {=IF(D12="Pendiente","-",INDEX($CN$6:$CN$53,MATCH($AF12,$BD$6:$BD$53,0)))} -> P.1 (4) | T12: {=IF(D12="Pendiente","-",INDEX($CS$6:$CS$53,MATCH($AA12,$BD$6:$BD$53,0)))} -> P.1 (4) | U12: {=IF(D12="Pendiente","-",INDEX($CS$6:$CS$53,MATCH($AF12,$BD$6:$BD$53,0)))} -> P.1 (4) | W12: B | X12: 46185.625 | Y12: 46185.625 | Z12: {=$Z$4} -> J1 | AA12: {=A13} -> Canadá | AC12: 1 | AD12: 0 | AF12: {=A14} -> Bosnia y Herzegovina | AG12: {=IF(NOT(OR(ISBLANK(AC12),ISBLANK(AD12))),1,0)} -> 1 | AH12: 3 | AJ12: {=CONCATENATE(AJ3," ",B12)} -> Grupo B | AV12: {=IF(AU13>0,$AV$3,"")} -> ¡EMPATE! Puedes seleccionar el orden de los empatados. | BC12: B | BD12: Catar | BE12: {=BG12*3+BH12+IF($AZ$3="No",0,INDEX($AZ$6:$AZ$97,MATCH(BD12,$AY$6:$AY$97,0)))} -> 4 | BF12: {=BG12+BH12+BI12} -> 3 | BG12: {=COUNTIFS($AA$4:$AA$97,BD12,$D$4:$D$97,"Local")+COUNTIFS($AF$4:$AF$97,BD12,$D$4:$D$97,"Visitante")} -> 1 | BH12: {=COUNTIFS($AA$4:$AA$97,BD12,$D$4:$D$97,"Empate")+COUNTIFS($AF$4:$AF$97,BD12,$D$4:$D$97,"Empate")} -> 1 | BI12: {=COUNTIFS($AF$4:$AF$97,BD12,$D$4:$D$97,"Local")+COUNTIFS($AA$4:$AA$97,BD12,$D$4:$D$97,"Visitante")} -> 1 | BJ12: {=SUMIFS($AC$4:$AC$97,$AA$4:$AA$97,BD12,$D$4:$D$97,"<>"&"Pendiente",$AC$4:$AC$97,"<>"&"",$AD$4:$AD$97,"<>"&"")+SUMIFS($AD$4:$AD$97,$AF$4:$AF$97,BD12,$D$4:$D$97,"<>"&"Pendiente",$AC$4:$AC$97,"<>"&"",$AD$4:$AD$97,"<>"&"")} -> 3 | BK12: {=SUMIFS($AC$4:$AC$97,$AF$4:$AF$97,BD12,$D$4:$D$97,"<>"&"Pendiente",$AC$4:$AC$97,"<>"&"",$AD$4:$AD$97,"<>"&"")+SUMIFS($AD$4:$AD$97,$AA$4:$AA$97,BD12,$D$4:$D$97,"<>"&"Pendiente",$AC$4:$AC$97,"<>"&"",$AD$4:$AD$97,"<>"&"")} -> 3 | BL12: {=BJ12-BK12} -> 0 | BM12: {=DD12&BC12} -> 3B | BN12: {=DH12&BC12} -> 3B | BO12: {=IF(AND($AJ$99=144,BF12>=1),1,0)} -> 0 | BP12: 1 | BQ12: P.1 (4) | BR12: {=IF($BQ12="-","-",BE12)} -> 4 | BS12: 1 | BT12: P.1 (4) | BU12: {=IF($BT12="-","-",COUNTIFS($AA$4:$AA$97,$BD12,$D$4:$D$97,"Local",$F$4:$F$97,$BT12)+COUNTIFS($AF$4:$AF$97,$BD12,$D$4:$D$97,"Visitante",$E$4:$E$97,$BT12))} -> 1 | BV12: {=IF($BT12="-","-",COUNTIFS($AA$4:$AA$97,$BD12,$D$4:$D$97,"Empate",$F$4:$F$97,$BT12)+COUNTIFS($AF$4:$AF$97,$BD12,$D$4:$D$97,"Empate",$E$4:$E$97,$BT12))} -> 1 | BW12: {=IF($BT12="-","-",COUNTIFS($AA$4:$AA$97,$BD12,$D$4:$D$97,"Visitante",$F$4:$F$97,$BT12)+COUNTIFS($AF$4:$AF$97,$BD12,$D$4:$D$97,"Local",$E$4:$E$97,$BT12))} -> 1 | BX12: {=IF($BT12="-","-",BU12*3+BV12)} -> 4 | BY12: 1 | BZ12: P.1 (4) | CA12: {=IF($BZ12="-","-",SUMIFS($AC$4:$AC$97,$AA$4:$AA$97,$BD12,$I$4:$I$97,$BZ12)+SUMIFS($AD$4:$AD$97,$AF$4:$AF$97,$BD12,$H$4:$H$97,$BZ12))} -> 3 | CB12: {=IF($BZ12="-","-",SUMIFS($AD$4:$AD$97,$AA$4:$AA$97,$BD12,$I$4:$I$97,$BZ12)+SUMIFS($AC$4:$AC$97,$AF$4:$AF$97,$BD12,$H$4:$H$97,$BZ12))} -> 3 | CC12: {=IF($BZ12="-","-",CA12-CB12)} -> 0 | CD12: 1 | CE12: P.1 (4) | CF12: {=IF($CE12="-","-",SUMIFS($AC$4:$AC$97,$AA$4:$AA$97,$BD12,$L$4:$L$97,$CE12)+SUMIFS($AD$4:$AD$97,$AF$4:$AF$97,$BD12,$K$4:$K$97,$CE12))} -> 3 | CG12: 1 | CH12: P.1 (4) | CI12: {=IF($CH12="-","-",COUNTIFS($AA$4:$AA$97,$BD12,$D$4:$D$97,"Local",$O$4:$O$97,$CH12)+COUNTIFS($AF$4:$AF$97,$BD12,$D$4:$D$97,"Visitante",$N$4:$N$97,$CH12))} -> 1 | CJ12: {=IF($CH12="-","-",COUNTIFS($AA$4:$AA$97,$BD12,$D$4:$D$97,"Empate",$O$4:$O$97,$CH12)+COUNTIFS($AF$4:$AF$97,$BD12,$D$4:$D$97,"Empate",$N$4:$N$97,$CH12))} -> 1 | CK12: {=IF($CH12="-","-",COUNTIFS($AA$4:$AA$97,$BD12,$D$4:$D$97,"Visitante",$O$4:$O$97,$CH12)+COUNTIFS($AF$4:$AF$97,$BD12,$D$4:$D$97,"Local",$N$4:$N$97,$CH12))} -> 1 | CL12: {=IF($CH12="-","-",CI12*3+CJ12)} -> 4 | CM12: 1 | CN12: P.1 (4) | CO12: {=IF($CN12="-","-",SUMIFS($AC$4:$AC$97,$AA$4:$AA$97,$BD12,$R$4:$R$97,$CN12)+SUMIFS($AD$4:$AD$97,$AF$4:$AF$97,$BD12,$Q$4:$Q$97,$CN12))} -> 3 | CP12: {=IF($CN12="-","-",SUMIFS($AD$4:$AD$97,$AA$4:$AA$97,$BD12,$R$4:$R$97,$CN12)+SUMIFS($AC$4:$AC$97,$AF$4:$AF$97,$BD12,$Q$4:$Q$97,$CN12))} -> 3 | CQ12: {=IF($CN12="-","-",CO12-CP12)} -> 0 | CR12: 1 | CS12: P.1 (4) | CT12: {=IF($CS12="-","-",SUMIFS($AC$4:$AC$97,$AA$4:$AA$97,$BD12,$U$4:$U$97,$CS12)+SUMIFS($AD$4:$AD$97,$AF$4:$AF$97,$BD12,$T$4:$T$97,$CS12))} -> 3 | CU12: 1 | CV12: P.1 (4) | CW12: {=IF(CV12="-","-",BL12)} -> 0 | CX12: 1 | CY12: P.1 (4) | CZ12: {=IF(CY12="-","-",BJ12)} -> 3 | DA12: 1 | DB12: P.1 (4) | DC12: 3 | DD12: 3 | DF12: {=IF(OR(INDEX($AW$6:$AW$97,MATCH($BD12,$AV$6:$AV$97,0))="",DB12="-"),DD12,INDEX($AW$6:$AW$97,MATCH($BD12,$AV$6:$AV$97,0))+DD12/1000)} -> 3 | DG12: 2 | DH12: 3 | DJ12: {=INDEX($DA$6:$DA$53,MATCH($DQ12,$BD$6:$BD$53,0))} -> 1 | DK12: {=SUMIF($BC$6:$BC$53,BC12,$BF$6:$BF$53)} -> 12 | DL12: {=IF(OR(DK12=12,$AJ$99=144),COUNTIFS($DJ$6:$DJ$53,DJ12,$BC$6:$BC$53,BC12),1)} -> 4 | DM12: {=DJ12&"."&DL12} -> 1.4 | DN12: 1 | DP12: 3B | DQ12: {=INDEX($BD$6:$BD$53,MATCH(DP12,$BM$6:$BM$53,0))} -> Catar
A13: Canadá | D13: {=IF(OR(AC13="",AD13=""),"Pendiente",IF(AC13>AD13,"Local",IF(AC13<AD13,"Visitante","Empate")))} -> Empate | E13: {=IF(D13="Pendiente","-",INDEX($BT$6:$BT$53,MATCH($AA13,$BD$6:$BD$53,0)))} -> P.1 (4) | F13: {=IF(D13="Pendiente","-",INDEX($BT$6:$BT$53,MATCH($AF13,$BD$6:$BD$53,0)))} -> P.1 (4) | H13: {=IF(D13="Pendiente","-",INDEX($BZ$6:$BZ$53,MATCH($AA13,$BD$6:$BD$53,0)))} -> P.1 (4) | I13: {=IF(D13="Pendiente","-",INDEX($BZ$6:$BZ$53,MATCH($AF13,$BD$6:$BD$53,0)))} -> P.1 (4) | K13: {=IF(D13="Pendiente","-",INDEX($CE$6:$CE$53,MATCH($AA13,$BD$6:$BD$53,0)))} -> P.1 (4) | L13: {=IF(D13="Pendiente","-",INDEX($CE$6:$CE$53,MATCH($AF13,$BD$6:$BD$53,0)))} -> P.1 (4) | N13: {=IF(D13="Pendiente","-",INDEX($CH$6:$CH$53,MATCH($AA13,$BD$6:$BD$53,0)))} -> P.1 (4) | O13: {=IF(D13="Pendiente","-",INDEX($CH$6:$CH$53,MATCH($AF13,$BD$6:$BD$53,0)))} -> P.1 (4) | Q13: {=IF(D13="Pendiente","-",INDEX($CN$6:$CN$53,MATCH($AA13,$BD$6:$BD$53,0)))} -> P.1 (4) | R13: {=IF(D13="Pendiente","-",INDEX($CN$6:$CN$53,MATCH($AF13,$BD$6:$BD$53,0)))} -> P.1 (4) | T13: {=IF(D13="Pendiente","-",INDEX($CS$6:$CS$53,MATCH($AA13,$BD$6:$BD$53,0)))} -> P.1 (4) | U13: {=IF(D13="Pendiente","-",INDEX($CS$6:$CS$53,MATCH($AF13,$BD$6:$BD$53,0)))} -> P.1 (4) | X13: 46186.625 | Y13: 46186.625 | Z13: {=$Z$4} -> J1 | AA13: {=A15} -> Catar | AC13: 1 | AD13: 1 | AF13: {=A16} -> Suiza | AG13: {=IF(NOT(OR(ISBLANK(AC13),ISBLANK(AD13))),1,0)} -> 1 | AH13: 8 | AJ13: {=AJ5} -> Pos | AL13: {=AL5} -> Selección | AM13: {=AM5} -> Pts | AN13: {=AN5} -> J | AO13: {=AO5} -> G | AP13: {=AP5} -> E | AQ13: {=AQ5} -> P | AR13: {=AR5} -> GF | AS13: {=AS5} -> GC | AT13: {=AT5} -> DG | AU13: {=COUNTIF(AU14:AU17,">1")} -> 4 | AY13: {=AL13} -> Selección | AZ13: Puntos penalizados | BC13: B | BD13: Suiza | BE13: {=BG13*3+BH13+IF($AZ$3="No",0,INDEX($AZ$6:$AZ$97,MATCH(BD13,$AY$6:$AY$97,0)))} -> 5 | BF13: {=BG13+BH13+BI13} -> 3 | BG13: {=COUNTIFS($AA$4:$AA$97,BD13,$D$4:$D$97,"Local")+COUNTIFS($AF$4:$AF$97,BD13,$D$4:$D$97,"Visitante")} -> 1 | BH13: {=COUNTIFS($AA$4:$AA$97,BD13,$D$4:$D$97,"Empate")+COUNTIFS($AF$4:$AF$97,BD13,$D$4:$D$97,"Empate")} -> 2 | BI13: {=COUNTIFS($AF$4:$AF$97,BD13,$D$4:$D$97,"Local")+COUNTIFS($AA$4:$AA$97,BD13,$D$4:$D$97,"Visitante")} -> 0 | BJ13: {=SUMIFS($AC$4:$AC$97,$AA$4:$AA$97,BD13,$D$4:$D$97,"<>"&"Pendiente",$AC$4:$AC$97,"<>"&"",$AD$4:$AD$97,"<>"&"")+SUMIFS($AD$4:$AD$97,$AF$4:$AF$97,BD13,$D$4:$D$97,"<>"&"Pendiente",$AC$4:$AC$97,"<>"&"",$AD$4:$AD$97,"<>"&"")} -> 5 | BK13: {=SUMIFS($AC$4:$AC$97,$AF$4:$AF$97,BD13,$D$4:$D$97,"<>"&"Pendiente",$AC$4:$AC$97,"<>"&"",$AD$4:$AD$97,"<>"&"")+SUMIFS($AD$4:$AD$97,$AA$4:$AA$97,BD13,$D$4:$D$97,"<>"&"Pendiente",$AC$4:$AC$97,"<>"&"",$AD$4:$AD$97,"<>"&"")} -> 3 | BL13: {=BJ13-BK13} -> 2 | BM13: {=DD13&BC13} -> 4B | BN13: {=DH13&BC13} -> 4B | BO13: {=IF(AND($AJ$99=144,BF13>=1),1,0)} -> 0 | BP13: 1 | BQ13: P.1 (4) | BR13: {=IF($BQ13="-","-",BE13)} -> 5 | BS13: 1 | BT13: P.1 (4) | BU13: {=IF($BT13="-","-",COUNTIFS($AA$4:$AA$97,$BD13,$D$4:$D$97,"Local",$F$4:$F$97,$BT13)+COUNTIFS($AF$4:$AF$97,$BD13,$D$4:$D$97,"Visitante",$E$4:$E$97,$BT13))} -> 1 | BV13: {=IF($BT13="-","-",COUNTIFS($AA$4:$AA$97,$BD13,$D$4:$D$97,"Empate",$F$4:$F$97,$BT13)+COUNTIFS($AF$4:$AF$97,$BD13,$D$4:$D$97,"Empate",$E$4:$E$97,$BT13))} -> 2 | BW13: {=IF($BT13="-","-",COUNTIFS($AA$4:$AA$97,$BD13,$D$4:$D$97,"Visitante",$F$4:$F$97,$BT13)+COUNTIFS($AF$4:$AF$97,$BD13,$D$4:$D$97,"Local",$E$4:$E$97,$BT13))} -> 0 | BX13: {=IF($BT13="-","-",BU13*3+BV13)} -> 5 | BY13: 1 | BZ13: P.1 (4) | CA13: {=IF($BZ13="-","-",SUMIFS($AC$4:$AC$97,$AA$4:$AA$97,$BD13,$I$4:$I$97,$BZ13)+SUMIFS($AD$4:$AD$97,$AF$4:$AF$97,$BD13,$H$4:$H$97,$BZ13))} -> 5 | CB13: {=IF($BZ13="-","-",SUMIFS($AD$4:$AD$97,$AA$4:$AA$97,$BD13,$I$4:$I$97,$BZ13)+SUMIFS($AC$4:$AC$97,$AF$4:$AF$97,$BD13,$H$4:$H$97,$BZ13))} -> 3 | CC13: {=IF($BZ13="-","-",CA13-CB13)} -> 2 | CD13: 1 | CE13: P.1 (4) | CF13: {=IF($CE13="-","-",SUMIFS($AC$4:$AC$97,$AA$4:$AA$97,$BD13,$L$4:$L$97,$CE13)+SUMIFS($AD$4:$AD$97,$AF$4:$AF$97,$BD13,$K$4:$K$97,$CE13))} -> 5 | CG13: 1 | CH13: P.1 (4) | CI13: {=IF($CH13="-","-",COUNTIFS($AA$4:$AA$97,$BD13,$D$4:$D$97,"Local",$O$4:$O$97,$CH13)+COUNTIFS($AF$4:$AF$97,$BD13,$D$4:$D$97,"Visitante",$N$4:$N$97,$CH13))} -> 1 | CJ13: {=IF($CH13="-","-",COUNTIFS($AA$4:$AA$97,$BD13,$D$4:$D$97,"Empate",$O$4:$O$97,$CH13)+COUNTIFS($AF$4:$AF$97,$BD13,$D$4:$D$97,"Empate",$N$4:$N$97,$CH13))} -> 2 | CK13: {=IF($CH13="-","-",COUNTIFS($AA$4:$AA$97,$BD13,$D$4:$D$97,"Visitante",$O$4:$O$97,$CH13)+COUNTIFS($AF$4:$AF$97,$BD13,$D$4:$D$97,"Local",$N$4:$N$97,$CH13))} -> 0 | CL13: {=IF($CH13="-","-",CI13*3+CJ13)} -> 5 | CM13: 1 | CN13: P.1 (4) | CO13: {=IF($CN13="-","-",SUMIFS($AC$4:$AC$97,$AA$4:$AA$97,$BD13,$R$4:$R$97,$CN13)+SUMIFS($AD$4:$AD$97,$AF$4:$AF$97,$BD13,$Q$4:$Q$97,$CN13))} -> 5 | CP13: {=IF($CN13="-","-",SUMIFS($AD$4:$AD$97,$AA$4:$AA$97,$BD13,$R$4:$R$97,$CN13)+SUMIFS($AC$4:$AC$97,$AF$4:$AF$97,$BD13,$Q$4:$Q$97,$CN13))} -> 3 | CQ13: {=IF($CN13="-","-",CO13-CP13)} -> 2 | CR13: 1 | CS13: P.1 (4) | CT13: {=IF($CS13="-","-",SUMIFS($AC$4:$AC$97,$AA$4:$AA$97,$BD13,$U$4:$U$97,$CS13)+SUMIFS($AD$4:$AD$97,$AF$4:$AF$97,$BD13,$T$4:$T$97,$CS13))} -> 5 | CU13: 1 | CV13: P.1 (4) | CW13: {=IF(CV13="-","-",BL13)} -> 2 | CX13: 1 | CY13: P.1 (4) | CZ13: {=IF(CY13="-","-",BJ13)} -> 5 | DA13: 1 | DB13: P.1 (4) | DC13: 4 | DD13: 4 | DF13: {=IF(OR(INDEX($AW$6:$AW$97,MATCH($BD13,$AV$6:$AV$97,0))="",DB13="-"),DD13,INDEX($AW$6:$AW$97,MATCH($BD13,$AV$6:$AV$97,0))+DD13/1000)} -> 4 | DG13: 3 | DH13: 4 | DJ13: {=INDEX($DA$6:$DA$53,MATCH($DQ13,$BD$6:$BD$53,0))} -> 1 | DK13: {=SUMIF($BC$6:$BC$53,BC13,$BF$6:$BF$53)} -> 12 | DL13: {=IF(OR(DK13=12,$AJ$99=144),COUNTIFS($DJ$6:$DJ$53,DJ13,$BC$6:$BC$53,BC13),1)} -> 4 | DM13: {=DJ13&"."&DL13} -> 1.4 | DN13: 1 | DP13: 4B | DQ13: {=INDEX($BD$6:$BD$53,MATCH(DP13,$BM$6:$BM$53,0))} -> Suiza
A14: Bosnia y Herzegovina | D14: {=IF(OR(AC14="",AD14=""),"Pendiente",IF(AC14>AD14,"Local",IF(AC14<AD14,"Visitante","Empate")))} -> Local | E14: {=IF(D14="Pendiente","-",INDEX($BT$6:$BT$53,MATCH($AA14,$BD$6:$BD$53,0)))} -> P.1 (4) | F14: {=IF(D14="Pendiente","-",INDEX($BT$6:$BT$53,MATCH($AF14,$BD$6:$BD$53,0)))} -> P.1 (4) | H14: {=IF(D14="Pendiente","-",INDEX($BZ$6:$BZ$53,MATCH($AA14,$BD$6:$BD$53,0)))} -> P.1 (4) | I14: {=IF(D14="Pendiente","-",INDEX($BZ$6:$BZ$53,MATCH($AF14,$BD$6:$BD$53,0)))} -> P.1 (4) | K14: {=IF(D14="Pendiente","-",INDEX($CE$6:$CE$53,MATCH($AA14,$BD$6:$BD$53,0)))} -> P.1 (4) | L14: {=IF(D14="Pendiente","-",INDEX($CE$6:$CE$53,MATCH($AF14,$BD$6:$BD$53,0)))} -> P.1 (4) | N14: {=IF(D14="Pendiente","-",INDEX($CH$6:$CH$53,MATCH($AA14,$BD$6:$BD$53,0)))} -> P.1 (4) | O14: {=IF(D14="Pendiente","-",INDEX($CH$6:$CH$53,MATCH($AF14,$BD$6:$BD$53,0)))} -> P.1 (4) | Q14: {=IF(D14="Pendiente","-",INDEX($CN$6:$CN$53,MATCH($AA14,$BD$6:$BD$53,0)))} -> P.1 (4) | R14: {=IF(D14="Pendiente","-",INDEX($CN$6:$CN$53,MATCH($AF14,$BD$6:$BD$53,0)))} -> P.1 (4) | T14: {=IF(D14="Pendiente","-",INDEX($CS$6:$CS$53,MATCH($AA14,$BD$6:$BD$53,0)))} -> P.1 (4) | U14: {=IF(D14="Pendiente","-",INDEX($CS$6:$CS$53,MATCH($AF14,$BD$6:$BD$53,0)))} -> P.1 (4) | X14: 46191.625 | Y14: 46191.625 | Z14: {=$Z$6} -> J2 | AA14: {=A16} -> Suiza | AC14: 3 | AD14: 1 | AF14: {=A14} -> Bosnia y Herzegovina | AG14: {=IF(NOT(OR(ISBLANK(AC14),ISBLANK(AD14))),1,0)} -> 1 | AH14: 26 | AI14: {=AJ14&$B$12} -> 1B | AJ14: 1 | AL14: {=IFERROR(INDEX($BD$6:$BD$53,MATCH(AI14,$BN$6:$BN$53,0)),"")} -> Canadá | AM14: {=INDEX($BE$6:$BN$53,MATCH($AL14,$BD$6:$BD$53,0),MATCH(AM$5,$BE$5:$BN$5,0))} -> 7 | AN14: {=INDEX($BE$6:$BN$53,MATCH($AL14,$BD$6:$BD$53,0),MATCH(AN$5,$BE$5:$BN$5,0))} -> 3 | AO14: {=INDEX($BE$6:$BN$53,MATCH($AL14,$BD$6:$BD$53,0),MATCH(AO$5,$BE$5:$BN$5,0))} -> 2 | AP14: {=INDEX($BE$6:$BN$53,MATCH($AL14,$BD$6:$BD$53,0),MATCH(AP$5,$BE$5:$BN$5,0))} -> 1 | AQ14: {=INDEX($BE$6:$BN$53,MATCH($AL14,$BD$6:$BD$53,0),MATCH(AQ$5,$BE$5:$BN$5,0))} -> 0 | AR14: {=INDEX($BE$6:$BN$53,MATCH($AL14,$BD$6:$BD$53,0),MATCH(AR$5,$BE$5:$BN$5,0))} -> 4 | AS14: {=INDEX($BE$6:$BN$53,MATCH($AL14,$BD$6:$BD$53,0),MATCH(AS$5,$BE$5:$BN$5,0))} -> 2 | AT14: {=INDEX($BE$6:$BN$53,MATCH($AL14,$BD$6:$BD$53,0),MATCH(AT$5,$BE$5:$BN$5,0))} -> 2 | AU14: {=INDEX($DL$6:$DL$53,MATCH(AI14,$DP$6:$DP$53,0))} -> 4 | AV14: {=INDEX($BD$6:$BD$53,MATCH(AI14,$BM$6:$BM$53,0))} -> Canadá | AY14: {=A13} -> Canadá | BC14: C | BD14: Brasil | BE14: {=BG14*3+BH14+IF($AZ$3="No",0,INDEX($AZ$6:$AZ$97,MATCH(BD14,$AY$6:$AY$97,0)))} -> 9 | BF14: {=BG14+BH14+BI14} -> 3 | BG14: {=COUNTIFS($AA$4:$AA$97,BD14,$D$4:$D$97,"Local")+COUNTIFS($AF$4:$AF$97,BD14,$D$4:$D$97,"Visitante")} -> 3 | BH14: {=COUNTIFS($AA$4:$AA$97,BD14,$D$4:$D$97,"Empate")+COUNTIFS($AF$4:$AF$97,BD14,$D$4:$D$97,"Empate")} -> 0 | BI14: {=COUNTIFS($AF$4:$AF$97,BD14,$D$4:$D$97,"Local")+COUNTIFS($AA$4:$AA$97,BD14,$D$4:$D$97,"Visitante")} -> 0 | BJ14: {=SUMIFS($AC$4:$AC$97,$AA$4:$AA$97,BD14,$D$4:$D$97,"<>"&"Pendiente",$AC$4:$AC$97,"<>"&"",$AD$4:$AD$97,"<>"&"")+SUMIFS($AD$4:$AD$97,$AF$4:$AF$97,BD14,$D$4:$D$97,"<>"&"Pendiente",$AC$4:$AC$97,"<>"&"",$AD$4:$AD$97,"<>"&"")} -> 10 | BK14: {=SUMIFS($AC$4:$AC$97,$AF$4:$AF$97,BD14,$D$4:$D$97,"<>"&"Pendiente",$AC$4:$AC$97,"<>"&"",$AD$4:$AD$97,"<>"&"")+SUMIFS($AD$4:$AD$97,$AA$4:$AA$97,BD14,$D$4:$D$97,"<>"&"Pendiente",$AC$4:$AC$97,"<>"&"",$AD$4:$AD$97,"<>"&"")} -> 2 | BL14: {=BJ14-BK14} -> 8 | BM14: {=DD14&BC14} -> 1C | BN14: {=DH14&BC14} -> 1C | BO14: {=IF(AND($AJ$99=144,BF14>=1),1,0)} -> 0 | BP14: 1 | BQ14: P.1 (4) | BR14: {=IF($BQ14="-","-",BE14)} -> 9 | BS14: 1 | BT14: P.1 (4) | BU14: {=IF($BT14="-","-",COUNTIFS($AA$4:$AA$97,$BD14,$D$4:$D$97,"Local",$F$4:$F$97,$BT14)+COUNTIFS($AF$4:$AF$97,$BD14,$D$4:$D$97,"Visitante",$E$4:$E$97,$BT14))} -> 3 | BV14: {=IF($BT14="-","-",COUNTIFS($AA$4:$AA$97,$BD14,$D$4:$D$97,"Empate",$F$4:$F$97,$BT14)+COUNTIFS($AF$4:$AF$97,$BD14,$D$4:$D$97,"Empate",$E$4:$E$97,$BT14))} -> 0 | BW14: {=IF($BT14="-","-",COUNTIFS($AA$4:$AA$97,$BD14,$D$4:$D$97,"Visitante",$F$4:$F$97,$BT14)+COUNTIFS($AF$4:$AF$97,$BD14,$D$4:$D$97,"Local",$E$4:$E$97,$BT14))} -> 0 | BX14: {=IF($BT14="-","-",BU14*3+BV14)} -> 9 | BY14: 1 | BZ14: P.1 (4) | CA14: {=IF($BZ14="-","-",SUMIFS($AC$4:$AC$97,$AA$4:$AA$97,$BD14,$I$4:$I$97,$BZ14)+SUMIFS($AD$4:$AD$97,$AF$4:$AF$97,$BD14,$H$4:$H$97,$BZ14))} -> 10 | CB14: {=IF($BZ14="-","-",SUMIFS($AD$4:$AD$97,$AA$4:$AA$97,$BD14,$I$4:$I$97,$BZ14)+SUMIFS($AC$4:$AC$97,$AF$4:$AF$97,$BD14,$H$4:$H$97,$BZ14))} -> 2 | CC14: {=IF($BZ14="-","-",CA14-CB14)} -> 8 | CD14: 1 | CE14: P.1 (4) | CF14: {=IF($CE14="-","-",SUMIFS($AC$4:$AC$97,$AA$4:$AA$97,$BD14,$L$4:$L$97,$CE14)+SUMIFS($AD$4:$AD$97,$AF$4:$AF$97,$BD14,$K$4:$K$97,$CE14))} -> 10 | CG14: 1 | CH14: P.1 (4) | CI14: {=IF($CH14="-","-",COUNTIFS($AA$4:$AA$97,$BD14,$D$4:$D$97,"Local",$O$4:$O$97,$CH14)+COUNTIFS($AF$4:$AF$97,$BD14,$D$4:$D$97,"Visitante",$N$4:$N$97,$CH14))} -> 3 | CJ14: {=IF($CH14="-","-",COUNTIFS($AA$4:$AA$97,$BD14,$D$4:$D$97,"Empate",$O$4:$O$97,$CH14)+COUNTIFS($AF$4:$AF$97,$BD14,$D$4:$D$97,"Empate",$N$4:$N$97,$CH14))} -> 0 | CK14: {=IF($CH14="-","-",COUNTIFS($AA$4:$AA$97,$BD14,$D$4:$D$97,"Visitante",$O$4:$O$97,$CH14)+COUNTIFS($AF$4:$AF$97,$BD14,$D$4:$D$97,"Local",$N$4:$N$97,$CH14))} -> 0 | CL14: {=IF($CH14="-","-",CI14*3+CJ14)} -> 9 | CM14: 1 | CN14: P.1 (4) | CO14: {=IF($CN14="-","-",SUMIFS($AC$4:$AC$97,$AA$4:$AA$97,$BD14,$R$4:$R$97,$CN14)+SUMIFS($AD$4:$AD$97,$AF$4:$AF$97,$BD14,$Q$4:$Q$97,$CN14))} -> 10 | CP14: {=IF($CN14="-","-",SUMIFS($AD$4:$AD$97,$AA$4:$AA$97,$BD14,$R$4:$R$97,$CN14)+SUMIFS($AC$4:$AC$97,$AF$4:$AF$97,$BD14,$Q$4:$Q$97,$CN14))} -> 2 | CQ14: {=IF($CN14="-","-",CO14-CP14)} -> 8 | CR14: 1 | CS14: P.1 (4) | CT14: {=IF($CS14="-","-",SUMIFS($AC$4:$AC$97,$AA$4:$AA$97,$BD14,$U$4:$U$97,$CS14)+SUMIFS($AD$4:$AD$97,$AF$4:$AF$97,$BD14,$T$4:$T$97,$CS14))} -> 10 | CU14: 1 | CV14: P.1 (4) | CW14: {=IF(CV14="-","-",BL14)} -> 8 | CX14: 1 | CY14: P.1 (4) | CZ14: {=IF(CY14="-","-",BJ14)} -> 10 | DA14: 1 | DB14: P.1 (4) | DC14: 1 | DD14: 1 | DF14: {=IF(OR(INDEX($AW$6:$AW$97,MATCH($BD14,$AV$6:$AV$97,0))="",DB14="-"),DD14,INDEX($AW$6:$AW$97,MATCH($BD14,$AV$6:$AV$97,0))+DD14/1000)} -> 1 | DG14: 0 | DH14: 1 | DJ14: {=INDEX($DA$6:$DA$53,MATCH($DQ14,$BD$6:$BD$53,0))} -> 1 | DK14: {=SUMIF($BC$6:$BC$53,BC14,$BF$6:$BF$53)} -> 12 | DL14: {=IF(OR(DK14=12,$AJ$99=144),COUNTIFS($DJ$6:$DJ$53,DJ14,$BC$6:$BC$53,BC14),1)} -> 4 | DM14: {=DJ14&"."&DL14} -> 1.4 | DN14: 1 | DP14: 1C | DQ14: {=INDEX($BD$6:$BD$53,MATCH(DP14,$BM$6:$BM$53,0))} -> Brasil
A15: Catar | D15: {=IF(OR(AC15="",AD15=""),"Pendiente",IF(AC15>AD15,"Local",IF(AC15<AD15,"Visitante","Empate")))} -> Local | E15: {=IF(D15="Pendiente","-",INDEX($BT$6:$BT$53,MATCH($AA15,$BD$6:$BD$53,0)))} -> P.1 (4) | F15: {=IF(D15="Pendiente","-",INDEX($BT$6:$BT$53,MATCH($AF15,$BD$6:$BD$53,0)))} -> P.1 (4) | H15: {=IF(D15="Pendiente","-",INDEX($BZ$6:$BZ$53,MATCH($AA15,$BD$6:$BD$53,0)))} -> P.1 (4) | I15: {=IF(D15="Pendiente","-",INDEX($BZ$6:$BZ$53,MATCH($AF15,$BD$6:$BD$53,0)))} -> P.1 (4) | K15: {=IF(D15="Pendiente","-",INDEX($CE$6:$CE$53,MATCH($AA15,$BD$6:$BD$53,0)))} -> P.1 (4) | L15: {=IF(D15="Pendiente","-",INDEX($CE$6:$CE$53,MATCH($AF15,$BD$6:$BD$53,0)))} -> P.1 (4) | N15: {=IF(D15="Pendiente","-",INDEX($CH$6:$CH$53,MATCH($AA15,$BD$6:$BD$53,0)))} -> P.1 (4) | O15: {=IF(D15="Pendiente","-",INDEX($CH$6:$CH$53,MATCH($AF15,$BD$6:$BD$53,0)))} -> P.1 (4) | Q15: {=IF(D15="Pendiente","-",INDEX($CN$6:$CN$53,MATCH($AA15,$BD$6:$BD$53,0)))} -> P.1 (4) | R15: {=IF(D15="Pendiente","-",INDEX($CN$6:$CN$53,MATCH($AF15,$BD$6:$BD$53,0)))} -> P.1 (4) | T15: {=IF(D15="Pendiente","-",INDEX($CS$6:$CS$53,MATCH($AA15,$BD$6:$BD$53,0)))} -> P.1 (4) | U15: {=IF(D15="Pendiente","-",INDEX($CS$6:$CS$53,MATCH($AF15,$BD$6:$BD$53,0)))} -> P.1 (4) | X15: 46191.75 | Y15: 46191.75 | Z15: {=$Z$6} -> J2 | AA15: {=A13} -> Canadá | AC15: 2 | AD15: 1 | AF15: {=A15} -> Catar | AG15: {=IF(NOT(OR(ISBLANK(AC15),ISBLANK(AD15))),1,0)} -> 1 | AH15: 27 | AI15: {=AJ15&$B$12} -> 2B | AJ15: 2 | AL15: {=IFERROR(INDEX($BD$6:$BD$53,MATCH(AI15,$BN$6:$BN$53,0)),"")} -> Bosnia y Herzegovina | AM15: {=INDEX($BE$6:$BN$53,MATCH($AL15,$BD$6:$BD$53,0),MATCH(AM$5,$BE$5:$BN$5,0))} -> 0 | AN15: {=INDEX($BE$6:$BN$53,MATCH($AL15,$BD$6:$BD$53,0),MATCH(AN$5,$BE$5:$BN$5,0))} -> 3 | AO15: {=INDEX($BE$6:$BN$53,MATCH($AL15,$BD$6:$BD$53,0),MATCH(AO$5,$BE$5:$BN$5,0))} -> 0 | AP15: {=INDEX($BE$6:$BN$53,MATCH($AL15,$BD$6:$BD$53,0),MATCH(AP$5,$BE$5:$BN$5,0))} -> 0 | AQ15: {=INDEX($BE$6:$BN$53,MATCH($AL15,$BD$6:$BD$53,0),MATCH(AQ$5,$BE$5:$BN$5,0))} -> 3 | AR15: {=INDEX($BE$6:$BN$53,MATCH($AL15,$BD$6:$BD$53,0),MATCH(AR$5,$BE$5:$BN$5,0))} -> 1 | AS15: {=INDEX($BE$6:$BN$53,MATCH($AL15,$BD$6:$BD$53,0),MATCH(AS$5,$BE$5:$BN$5,0))} -> 5 | AT15: {=INDEX($BE$6:$BN$53,MATCH($AL15,$BD$6:$BD$53,0),MATCH(AT$5,$BE$5:$BN$5,0))} -> -4 | AU15: {=INDEX($DL$6:$DL$53,MATCH(AI15,$DP$6:$DP$53,0))} -> 4 | AV15: {=INDEX($BD$6:$BD$53,MATCH(AI15,$BM$6:$BM$53,0))} -> Bosnia y Herzegovina | AY15: {=A14} -> Bosnia y Herzegovina | BC15: C | BD15: Marruecos | BE15: {=BG15*3+BH15+IF($AZ$3="No",0,INDEX($AZ$6:$AZ$97,MATCH(BD15,$AY$6:$AY$97,0)))} -> 6 | BF15: {=BG15+BH15+BI15} -> 3 | BG15: {=COUNTIFS($AA$4:$AA$97,BD15,$D$4:$D$97,"Local")+COUNTIFS($AF$4:$AF$97,BD15,$D$4:$D$97,"Visitante")} -> 2 | BH15: {=COUNTIFS($AA$4:$AA$97,BD15,$D$4:$D$97,"Empate")+COUNTIFS($AF$4:$AF$97,BD15,$D$4:$D$97,"Empate")} -> 0 | BI15: {=COUNTIFS($AF$4:$AF$97,BD15,$D$4:$D$97,"Local")+COUNTIFS($AA$4:$AA$97,BD15,$D$4:$D$97,"Visitante")} -> 1 | BJ15: {=SUMIFS($AC$4:$AC$97,$AA$4:$AA$97,BD15,$D$4:$D$97,"<>"&"Pendiente",$AC$4:$AC$97,"<>"&"",$AD$4:$AD$97,"<>"&"")+SUMIFS($AD$4:$AD$97,$AF$4:$AF$97,BD15,$D$4:$D$97,"<>"&"Pendiente",$AC$4:$AC$97,"<>"&"",$AD$4:$AD$97,"<>"&"")} -> 8 | BK15: {=SUMIFS($AC$4:$AC$97,$AF$4:$AF$97,BD15,$D$4:$D$97,"<>"&"Pendiente",$AC$4:$AC$97,"<>"&"",$AD$4:$AD$97,"<>"&"")+SUMIFS($AD$4:$AD$97,$AA$4:$AA$97,BD15,$D$4:$D$97,"<>"&"Pendiente",$AC$4:$AC$97,"<>"&"",$AD$4:$AD$97,"<>"&"")} -> 2 | BL15: {=BJ15-BK15} -> 6 | BM15: {=DD15&BC15} -> 2C | BN15: {=DH15&BC15} -> 2C | BO15: {=IF(AND($AJ$99=144,BF15>=1),1,0)} -> 0 | BP15: 1 | BQ15: P.1 (4) | BR15: {=IF($BQ15="-","-",BE15)} -> 6 | BS15: 1 | BT15: P.1 (4) | BU15: {=IF($BT15="-","-",COUNTIFS($AA$4:$AA$97,$BD15,$D$4:$D$97,"Local",$F$4:$F$97,$BT15)+COUNTIFS($AF$4:$AF$97,$BD15,$D$4:$D$97,"Visitante",$E$4:$E$97,$BT15))} -> 2 | BV15: {=IF($BT15="-","-",COUNTIFS($AA$4:$AA$97,$BD15,$D$4:$D$97,"Empate",$F$4:$F$97,$BT15)+COUNTIFS($AF$4:$AF$97,$BD15,$D$4:$D$97,"Empate",$E$4:$E$97,$BT15))} -> 0 | BW15: {=IF($BT15="-","-",COUNTIFS($AA$4:$AA$97,$BD15,$D$4:$D$97,"Visitante",$F$4:$F$97,$BT15)+COUNTIFS($AF$4:$AF$97,$BD15,$D$4:$D$97,"Local",$E$4:$E$97,$BT15))} -> 1 | BX15: {=IF($BT15="-","-",BU15*3+BV15)} -> 6 | BY15: 1 | BZ15: P.1 (4) | CA15: {=IF($BZ15="-","-",SUMIFS($AC$4:$AC$97,$AA$4:$AA$97,$BD15,$I$4:$I$97,$BZ15)+SUMIFS($AD$4:$AD$97,$AF$4:$AF$97,$BD15,$H$4:$H$97,$BZ15))} -> 8 | CB15: {=IF($BZ15="-","-",SUMIFS($AD$4:$AD$97,$AA$4:$AA$97,$BD15,$I$4:$I$97,$BZ15)+SUMIFS($AC$4:$AC$97,$AF$4:$AF$97,$BD15,$H$4:$H$97,$BZ15))} -> 2 | CC15: {=IF($BZ15="-","-",CA15-CB15)} -> 6 | CD15: 1 | CE15: P.1 (4) | CF15: {=IF($CE15="-","-",SUMIFS($AC$4:$AC$97,$AA$4:$AA$97,$BD15,$L$4:$L$97,$CE15)+SUMIFS($AD$4:$AD$97,$AF$4:$AF$97,$BD15,$K$4:$K$97,$CE15))} -> 8 | CG15: 1 | CH15: P.1 (4) | CI15: {=IF($CH15="-","-",COUNTIFS($AA$4:$AA$97,$BD15,$D$4:$D$97,"Local",$O$4:$O$97,$CH15)+COUNTIFS($AF$4:$AF$97,$BD15,$D$4:$D$97,"Visitante",$N$4:$N$97,$CH15))} -> 2 | CJ15: {=IF($CH15="-","-",COUNTIFS($AA$4:$AA$97,$BD15,$D$4:$D$97,"Empate",$O$4:$O$97,$CH15)+COUNTIFS($AF$4:$AF$97,$BD15,$D$4:$D$97,"Empate",$N$4:$N$97,$CH15))} -> 0 | CK15: {=IF($CH15="-","-",COUNTIFS($AA$4:$AA$97,$BD15,$D$4:$D$97,"Visitante",$O$4:$O$97,$CH15)+COUNTIFS($AF$4:$AF$97,$BD15,$D$4:$D$97,"Local",$N$4:$N$97,$CH15))} -> 1 | CL15: {=IF($CH15="-","-",CI15*3+CJ15)} -> 6 | CM15: 1 | CN15: P.1 (4) | CO15: {=IF($CN15="-","-",SUMIFS($AC$4:$AC$97,$AA$4:$AA$97,$BD15,$R$4:$R$97,$CN15)+SUMIFS($AD$4:$AD$97,$AF$4:$AF$97,$BD15,$Q$4:$Q$97,$CN15))} -> 8 | CP15: {=IF($CN15="-","-",SUMIFS($AD$4:$AD$97,$AA$4:$AA$97,$BD15,$R$4:$R$97,$CN15)+SUMIFS($AC$4:$AC$97,$AF$4:$AF$97,$BD15,$Q$4:$Q$97,$CN15))} -> 2 | CQ15: {=IF($CN15="-","-",CO15-CP15)} -> 6 | CR15: 1 | CS15: P.1 (4) | CT15: {=IF($CS15="-","-",SUMIFS($AC$4:$AC$97,$AA$4:$AA$97,$BD15,$U$4:$U$97,$CS15)+SUMIFS($AD$4:$AD$97,$AF$4:$AF$97,$BD15,$T$4:$T$97,$CS15))} -> 8 | CU15: 1 | CV15: P.1 (4) | CW15: {=IF(CV15="-","-",BL15)} -> 6 | CX15: 1 | CY15: P.1 (4) | CZ15: {=IF(CY15="-","-",BJ15)} -> 8 | DA15: 1 | DB15: P.1 (4) | DC15: 2 | DD15: 2 | DF15: {=IF(OR(INDEX($AW$6:$AW$97,MATCH($BD15,$AV$6:$AV$97,0))="",DB15="-"),DD15,INDEX($AW$6:$AW$97,MATCH($BD15,$AV$6:$AV$97,0))+DD15/1000)} -> 2 | DG15: 1 | DH15: 2 | DJ15: {=INDEX($DA$6:$DA$53,MATCH($DQ15,$BD$6:$BD$53,0))} -> 1 | DK15: {=SUMIF($BC$6:$BC$53,BC15,$BF$6:$BF$53)} -> 12 | DL15: {=IF(OR(DK15=12,$AJ$99=144),COUNTIFS($DJ$6:$DJ$53,DJ15,$BC$6:$BC$53,BC15),1)} -> 4 | DM15: {=DJ15&"."&DL15} -> 1.4 | DN15: 1 | DP15: 2C | DQ15: {=INDEX($BD$6:$BD$53,MATCH(DP15,$BM$6:$BM$53,0))} -> Marruecos
A16: Suiza | D16: {=IF(OR(AC16="",AD16=""),"Pendiente",IF(AC16>AD16,"Local",IF(AC16<AD16,"Visitante","Empate")))} -> Empate | E16: {=IF(D16="Pendiente","-",INDEX($BT$6:$BT$53,MATCH($AA16,$BD$6:$BD$53,0)))} -> P.1 (4) | F16: {=IF(D16="Pendiente","-",INDEX($BT$6:$BT$53,MATCH($AF16,$BD$6:$BD$53,0)))} -> P.1 (4) | H16: {=IF(D16="Pendiente","-",INDEX($BZ$6:$BZ$53,MATCH($AA16,$BD$6:$BD$53,0)))} -> P.1 (4) | I16: {=IF(D16="Pendiente","-",INDEX($BZ$6:$BZ$53,MATCH($AF16,$BD$6:$BD$53,0)))} -> P.1 (4) | K16: {=IF(D16="Pendiente","-",INDEX($CE$6:$CE$53,MATCH($AA16,$BD$6:$BD$53,0)))} -> P.1 (4) | L16: {=IF(D16="Pendiente","-",INDEX($CE$6:$CE$53,MATCH($AF16,$BD$6:$BD$53,0)))} -> P.1 (4) | N16: {=IF(D16="Pendiente","-",INDEX($CH$6:$CH$53,MATCH($AA16,$BD$6:$BD$53,0)))} -> P.1 (4) | O16: {=IF(D16="Pendiente","-",INDEX($CH$6:$CH$53,MATCH($AF16,$BD$6:$BD$53,0)))} -> P.1 (4) | Q16: {=IF(D16="Pendiente","-",INDEX($CN$6:$CN$53,MATCH($AA16,$BD$6:$BD$53,0)))} -> P.1 (4) | R16: {=IF(D16="Pendiente","-",INDEX($CN$6:$CN$53,MATCH($AF16,$BD$6:$BD$53,0)))} -> P.1 (4) | T16: {=IF(D16="Pendiente","-",INDEX($CS$6:$CS$53,MATCH($AA16,$BD$6:$BD$53,0)))} -> P.1 (4) | U16: {=IF(D16="Pendiente","-",INDEX($CS$6:$CS$53,MATCH($AF16,$BD$6:$BD$53,0)))} -> P.1 (4) | X16: 46197.625 | Y16: 46197.625 | Z16: {=$Z$8} -> J3 | AA16: {=A16} -> Suiza | AC16: 1 | AD16: 1 | AF16: {=A13} -> Canadá | AG16: {=IF(NOT(OR(ISBLANK(AC16),ISBLANK(AD16))),1,0)} -> 1 | AH16: 51 | AI16: {=AJ16&$B$12} -> 3B | AJ16: 3 | AL16: {=IFERROR(INDEX($BD$6:$BD$53,MATCH(AI16,$BN$6:$BN$53,0)),"")} -> Catar | AM16: {=INDEX($BE$6:$BN$53,MATCH($AL16,$BD$6:$BD$53,0),MATCH(AM$5,$BE$5:$BN$5,0))} -> 4 | AN16: {=INDEX($BE$6:$BN$53,MATCH($AL16,$BD$6:$BD$53,0),MATCH(AN$5,$BE$5:$BN$5,0))} -> 3 | AO16: {=INDEX($BE$6:$BN$53,MATCH($AL16,$BD$6:$BD$53,0),MATCH(AO$5,$BE$5:$BN$5,0))} -> 1 | AP16: {=INDEX($BE$6:$BN$53,MATCH($AL16,$BD$6:$BD$53,0),MATCH(AP$5,$BE$5:$BN$5,0))} -> 1 | AQ16: {=INDEX($BE$6:$BN$53,MATCH($AL16,$BD$6:$BD$53,0),MATCH(AQ$5,$BE$5:$BN$5,0))} -> 1 | AR16: {=INDEX($BE$6:$BN$53,MATCH($AL16,$BD$6:$BD$53,0),MATCH(AR$5,$BE$5:$BN$5,0))} -> 3 | AS16: {=INDEX($BE$6:$BN$53,MATCH($AL16,$BD$6:$BD$53,0),MATCH(AS$5,$BE$5:$BN$5,0))} -> 3 | AT16: {=INDEX($BE$6:$BN$53,MATCH($AL16,$BD$6:$BD$53,0),MATCH(AT$5,$BE$5:$BN$5,0))} -> 0 | AU16: {=INDEX($DL$6:$DL$53,MATCH(AI16,$DP$6:$DP$53,0))} -> 4 | AV16: {=INDEX($BD$6:$BD$53,MATCH(AI16,$BM$6:$BM$53,0))} -> Catar | AY16: {=A15} -> Catar | BC16: C | BD16: Haití | BE16: {=BG16*3+BH16+IF($AZ$3="No",0,INDEX($AZ$6:$AZ$97,MATCH(BD16,$AY$6:$AY$97,0)))} -> 0 | BF16: {=BG16+BH16+BI16} -> 3 | BG16: {=COUNTIFS($AA$4:$AA$97,BD16,$D$4:$D$97,"Local")+COUNTIFS($AF$4:$AF$97,BD16,$D$4:$D$97,"Visitante")} -> 0 | BH16: {=COUNTIFS($AA$4:$AA$97,BD16,$D$4:$D$97,"Empate")+COUNTIFS($AF$4:$AF$97,BD16,$D$4:$D$97,"Empate")} -> 0 | BI16: {=COUNTIFS($AF$4:$AF$97,BD16,$D$4:$D$97,"Local")+COUNTIFS($AA$4:$AA$97,BD16,$D$4:$D$97,"Visitante")} -> 3 | BJ16: {=SUMIFS($AC$4:$AC$97,$AA$4:$AA$97,BD16,$D$4:$D$97,"<>"&"Pendiente",$AC$4:$AC$97,"<>"&"",$AD$4:$AD$97,"<>"&"")+SUMIFS($AD$4:$AD$97,$AF$4:$AF$97,BD16,$D$4:$D$97,"<>"&"Pendiente",$AC$4:$AC$97,"<>"&"",$AD$4:$AD$97,"<>"&"")} -> 1 | BK16: {=SUMIFS($AC$4:$AC$97,$AF$4:$AF$97,BD16,$D$4:$D$97,"<>"&"Pendiente",$AC$4:$AC$97,"<>"&"",$AD$4:$AD$97,"<>"&"")+SUMIFS($AD$4:$AD$97,$AA$4:$AA$97,BD16,$D$4:$D$97,"<>"&"Pendiente",$AC$4:$AC$97,"<>"&"",$AD$4:$AD$97,"<>"&"")} -> 11 | BL16: {=BJ16-BK16} -> -10 | BM16: {=DD16&BC16} -> 3C | BN16: {=DH16&BC16} -> 3C | BO16: {=IF(AND($AJ$99=144,BF16>=1),1,0)} -> 0 | BP16: 1 | BQ16: P.1 (4) | BR16: {=IF($BQ16="-","-",BE16)} -> 0 | BS16: 1 | BT16: P.1 (4) | BU16: {=IF($BT16="-","-",COUNTIFS($AA$4:$AA$97,$BD16,$D$4:$D$97,"Local",$F$4:$F$97,$BT16)+COUNTIFS($AF$4:$AF$97,$BD16,$D$4:$D$97,"Visitante",$E$4:$E$97,$BT16))} -> 0 | BV16: {=IF($BT16="-","-",COUNTIFS($AA$4:$AA$97,$BD16,$D$4:$D$97,"Empate",$F$4:$F$97,$BT16)+COUNTIFS($AF$4:$AF$97,$BD16,$D$4:$D$97,"Empate",$E$4:$E$97,$BT16))} -> 0 | BW16: {=IF($BT16="-","-",COUNTIFS($AA$4:$AA$97,$BD16,$D$4:$D$97,"Visitante",$F$4:$F$97,$BT16)+COUNTIFS($AF$4:$AF$97,$BD16,$D$4:$D$97,"Local",$E$4:$E$97,$BT16))} -> 3 | BX16: {=IF($BT16="-","-",BU16*3+BV16)} -> 0 | BY16: 1 | BZ16: P.1 (4) | CA16: {=IF($BZ16="-","-",SUMIFS($AC$4:$AC$97,$AA$4:$AA$97,$BD16,$I$4:$I$97,$BZ16)+SUMIFS($AD$4:$AD$97,$AF$4:$AF$97,$BD16,$H$4:$H$97,$BZ16))} -> 1 | CB16: {=IF($BZ16="-","-",SUMIFS($AD$4:$AD$97,$AA$4:$AA$97,$BD16,$I$4:$I$97,$BZ16)+SUMIFS($AC$4:$AC$97,$AF$4:$AF$97,$BD16,$H$4:$H$97,$BZ16))} -> 11 | CC16: {=IF($BZ16="-","-",CA16-CB16)} -> -10 | CD16: 1 | CE16: P.1 (4) | CF16: {=IF($CE16="-","-",SUMIFS($AC$4:$AC$97,$AA$4:$AA$97,$BD16,$L$4:$L$97,$CE16)+SUMIFS($AD$4:$AD$97,$AF$4:$AF$97,$BD16,$K$4:$K$97,$CE16))} -> 1 | CG16: 1 | CH16: P.1 (4) | CI16: {=IF($CH16="-","-",COUNTIFS($AA$4:$AA$97,$BD16,$D$4:$D$97,"Local",$O$4:$O$97,$CH16)+COUNTIFS($AF$4:$AF$97,$BD16,$D$4:$D$97,"Visitante",$N$4:$N$97,$CH16))} -> 0 | CJ16: {=IF($CH16="-","-",COUNTIFS($AA$4:$AA$97,$BD16,$D$4:$D$97,"Empate",$O$4:$O$97,$CH16)+COUNTIFS($AF$4:$AF$97,$BD16,$D$4:$D$97,"Empate",$N$4:$N$97,$CH16))} -> 0 | CK16: {=IF($CH16="-","-",COUNTIFS($AA$4:$AA$97,$BD16,$D$4:$D$97,"Visitante",$O$4:$O$97,$CH16)+COUNTIFS($AF$4:$AF$97,$BD16,$D$4:$D$97,"Local",$N$4:$N$97,$CH16))} -> 3 | CL16: {=IF($CH16="-","-",CI16*3+CJ16)} -> 0 | CM16: 1 | CN16: P.1 (4) | CO16: {=IF($CN16="-","-",SUMIFS($AC$4:$AC$97,$AA$4:$AA$97,$BD16,$R$4:$R$97,$CN16)+SUMIFS($AD$4:$AD$97,$AF$4:$AF$97,$BD16,$Q$4:$Q$97,$CN16))} -> 1 | CP16: {=IF($CN16="-","-",SUMIFS($AD$4:$AD$97,$AA$4:$AA$97,$BD16,$R$4:$R$97,$CN16)+SUMIFS($AC$4:$AC$97,$AF$4:$AF$97,$BD16,$Q$4:$Q$97,$CN16))} -> 11 | CQ16: {=IF($CN16="-","-",CO16-CP16)} -> -10 | CR16: 1 | CS16: P.1 (4) | CT16: {=IF($CS16="-","-",SUMIFS($AC$4:$AC$97,$AA$4:$AA$97,$BD16,$U$4:$U$97,$CS16)+SUMIFS($AD$4:$AD$97,$AF$4:$AF$97,$BD16,$T$4:$T$97,$CS16))} -> 1 | CU16: 1 | CV16: P.1 (4) | CW16: {=IF(CV16="-","-",BL16)} -> -10 | CX16: 1 | CY16: P.1 (4) | CZ16: {=IF(CY16="-","-",BJ16)} -> 1 | DA16: 1 | DB16: P.1 (4) | DC16: 3 | DD16: 3 | DF16: {=IF(OR(INDEX($AW$6:$AW$97,MATCH($BD16,$AV$6:$AV$97,0))="",DB16="-"),DD16,INDEX($AW$6:$AW$97,MATCH($BD16,$AV$6:$AV$97,0))+DD16/1000)} -> 3 | DG16: 2 | DH16: 3 | DJ16: {=INDEX($DA$6:$DA$53,MATCH($DQ16,$BD$6:$BD$53,0))} -> 1 | DK16: {=SUMIF($BC$6:$BC$53,BC16,$BF$6:$BF$53)} -> 12 | DL16: {=IF(OR(DK16=12,$AJ$99=144),COUNTIFS($DJ$6:$DJ$53,DJ16,$BC$6:$BC$53,BC16),1)} -> 4 | DM16: {=DJ16&"."&DL16} -> 1.4 | DN16: 1 | DP16: 3C | DQ16: {=INDEX($BD$6:$BD$53,MATCH(DP16,$BM$6:$BM$53,0))} -> Haití
D17: {=IF(OR(AC17="",AD17=""),"Pendiente",IF(AC17>AD17,"Local",IF(AC17<AD17,"Visitante","Empate")))} -> Visitante | E17: {=IF(D17="Pendiente","-",INDEX($BT$6:$BT$53,MATCH($AA17,$BD$6:$BD$53,0)))} -> P.1 (4) | F17: {=IF(D17="Pendiente","-",INDEX($BT$6:$BT$53,MATCH($AF17,$BD$6:$BD$53,0)))} -> P.1 (4) | H17: {=IF(D17="Pendiente","-",INDEX($BZ$6:$BZ$53,MATCH($AA17,$BD$6:$BD$53,0)))} -> P.1 (4) | I17: {=IF(D17="Pendiente","-",INDEX($BZ$6:$BZ$53,MATCH($AF17,$BD$6:$BD$53,0)))} -> P.1 (4) | K17: {=IF(D17="Pendiente","-",INDEX($CE$6:$CE$53,MATCH($AA17,$BD$6:$BD$53,0)))} -> P.1 (4) | L17: {=IF(D17="Pendiente","-",INDEX($CE$6:$CE$53,MATCH($AF17,$BD$6:$BD$53,0)))} -> P.1 (4) | N17: {=IF(D17="Pendiente","-",INDEX($CH$6:$CH$53,MATCH($AA17,$BD$6:$BD$53,0)))} -> P.1 (4) | O17: {=IF(D17="Pendiente","-",INDEX($CH$6:$CH$53,MATCH($AF17,$BD$6:$BD$53,0)))} -> P.1 (4) | Q17: {=IF(D17="Pendiente","-",INDEX($CN$6:$CN$53,MATCH($AA17,$BD$6:$BD$53,0)))} -> P.1 (4) | R17: {=IF(D17="Pendiente","-",INDEX($CN$6:$CN$53,MATCH($AF17,$BD$6:$BD$53,0)))} -> P.1 (4) | T17: {=IF(D17="Pendiente","-",INDEX($CS$6:$CS$53,MATCH($AA17,$BD$6:$BD$53,0)))} -> P.1 (4) | U17: {=IF(D17="Pendiente","-",INDEX($CS$6:$CS$53,MATCH($AF17,$BD$6:$BD$53,0)))} -> P.1 (4) | X17: 46197.625 | Y17: 46197.625 | Z17: {=$Z$8} -> J3 | AA17: {=A14} -> Bosnia y Herzegovina | AC17: 0 | AD17: 1 | AF17: {=A15} -> Catar | AG17: {=IF(NOT(OR(ISBLANK(AC17),ISBLANK(AD17))),1,0)} -> 1 | AH17: 52 | AI17: {=AJ17&$B$12} -> 4B | AJ17: 4 | AL17: {=IFERROR(INDEX($BD$6:$BD$53,MATCH(AI17,$BN$6:$BN$53,0)),"")} -> Suiza | AM17: {=INDEX($BE$6:$BN$53,MATCH($AL17,$BD$6:$BD$53,0),MATCH(AM$5,$BE$5:$BN$5,0))} -> 5 | AN17: {=INDEX($BE$6:$BN$53,MATCH($AL17,$BD$6:$BD$53,0),MATCH(AN$5,$BE$5:$BN$5,0))} -> 3 | AO17: {=INDEX($BE$6:$BN$53,MATCH($AL17,$BD$6:$BD$53,0),MATCH(AO$5,$BE$5:$BN$5,0))} -> 1 | AP17: {=INDEX($BE$6:$BN$53,MATCH($AL17,$BD$6:$BD$53,0),MATCH(AP$5,$BE$5:$BN$5,0))} -> 2 | AQ17: {=INDEX($BE$6:$BN$53,MATCH($AL17,$BD$6:$BD$53,0),MATCH(AQ$5,$BE$5:$BN$5,0))} -> 0 | AR17: {=INDEX($BE$6:$BN$53,MATCH($AL17,$BD$6:$BD$53,0),MATCH(AR$5,$BE$5:$BN$5,0))} -> 5 | AS17: {=INDEX($BE$6:$BN$53,MATCH($AL17,$BD$6:$BD$53,0),MATCH(AS$5,$BE$5:$BN$5,0))} -> 3 | AT17: {=INDEX($BE$6:$BN$53,MATCH($AL17,$BD$6:$BD$53,0),MATCH(AT$5,$BE$5:$BN$5,0))} -> 2 | AU17: {=INDEX($DL$6:$DL$53,MATCH(AI17,$DP$6:$DP$53,0))} -> 4 | AV17: {=INDEX($BD$6:$BD$53,MATCH(AI17,$BM$6:$BM$53,0))} -> Suiza | AY17: {=A16} -> Suiza | BC17: C | BD17: Escocia | BE17: {=BG17*3+BH17+IF($AZ$3="No",0,INDEX($AZ$6:$AZ$97,MATCH(BD17,$AY$6:$AY$97,0)))} -> 3 | BF17: {=BG17+BH17+BI17} -> 3 | BG17: {=COUNTIFS($AA$4:$AA$97,BD17,$D$4:$D$97,"Local")+COUNTIFS($AF$4:$AF$97,BD17,$D$4:$D$97,"Visitante")} -> 1 | BH17: {=COUNTIFS($AA$4:$AA$97,BD17,$D$4:$D$97,"Empate")+COUNTIFS($AF$4:$AF$97,BD17,$D$4:$D$97,"Empate")} -> 0 | BI17: {=COUNTIFS($AF$4:$AF$97,BD17,$D$4:$D$97,"Local")+COUNTIFS($AA$4:$AA$97,BD17,$D$4:$D$97,"Visitante")} -> 2 | BJ17: {=SUMIFS($AC$4:$AC$97,$AA$4:$AA$97,BD17,$D$4:$D$97,"<>"&"Pendiente",$AC$4:$AC$97,"<>"&"",$AD$4:$AD$97,"<>"&"")+SUMIFS($AD$4:$AD$97,$AF$4:$AF$97,BD17,$D$4:$D$97,"<>"&"Pendiente",$AC$4:$AC$97,"<>"&"",$AD$4:$AD$97,"<>"&"")} -> 3 | BK17: {=SUMIFS($AC$4:$AC$97,$AF$4:$AF$97,BD17,$D$4:$D$97,"<>"&"Pendiente",$AC$4:$AC$97,"<>"&"",$AD$4:$AD$97,"<>"&"")+SUMIFS($AD$4:$AD$97,$AA$4:$AA$97,BD17,$D$4:$D$97,"<>"&"Pendiente",$AC$4:$AC$97,"<>"&"",$AD$4:$AD$97,"<>"&"")} -> 7 | BL17: {=BJ17-BK17} -> -4 | BM17: {=DD17&BC17} -> 4C | BN17: {=DH17&BC17} -> 4C | BO17: {=IF(AND($AJ$99=144,BF17>=1),1,0)} -> 0 | BP17: 1 | BQ17: P.1 (4) | BR17: {=IF($BQ17="-","-",BE17)} -> 3 | BS17: 1 | BT17: P.1 (4) | BU17: {=IF($BT17="-","-",COUNTIFS($AA$4:$AA$97,$BD17,$D$4:$D$97,"Local",$F$4:$F$97,$BT17)+COUNTIFS($AF$4:$AF$97,$BD17,$D$4:$D$97,"Visitante",$E$4:$E$97,$BT17))} -> 1 | BV17: {=IF($BT17="-","-",COUNTIFS($AA$4:$AA$97,$BD17,$D$4:$D$97,"Empate",$F$4:$F$97,$BT17)+COUNTIFS($AF$4:$AF$97,$BD17,$D$4:$D$97,"Empate",$E$4:$E$97,$BT17))} -> 0 | BW17: {=IF($BT17="-","-",COUNTIFS($AA$4:$AA$97,$BD17,$D$4:$D$97,"Visitante",$F$4:$F$97,$BT17)+COUNTIFS($AF$4:$AF$97,$BD17,$D$4:$D$97,"Local",$E$4:$E$97,$BT17))} -> 2 | BX17: {=IF($BT17="-","-",BU17*3+BV17)} -> 3 | BY17: 1 | BZ17: P.1 (4) | CA17: {=IF($BZ17="-","-",SUMIFS($AC$4:$AC$97,$AA$4:$AA$97,$BD17,$I$4:$I$97,$BZ17)+SUMIFS($AD$4:$AD$97,$AF$4:$AF$97,$BD17,$H$4:$H$97,$BZ17))} -> 3 | CB17: {=IF($BZ17="-","-",SUMIFS($AD$4:$AD$97,$AA$4:$AA$97,$BD17,$I$4:$I$97,$BZ17)+SUMIFS($AC$4:$AC$97,$AF$4:$AF$97,$BD17,$H$4:$H$97,$BZ17))} -> 7 | CC17: {=IF($BZ17="-","-",CA17-CB17)} -> -4 | CD17: 1 | CE17: P.1 (4) | CF17: {=IF($CE17="-","-",SUMIFS($AC$4:$AC$97,$AA$4:$AA$97,$BD17,$L$4:$L$97,$CE17)+SUMIFS($AD$4:$AD$97,$AF$4:$AF$97,$BD17,$K$4:$K$97,$CE17))} -> 3 | CG17: 1 | CH17: P.1 (4) | CI17: {=IF($CH17="-","-",COUNTIFS($AA$4:$AA$97,$BD17,$D$4:$D$97,"Local",$O$4:$O$97,$CH17)+COUNTIFS($AF$4:$AF$97,$BD17,$D$4:$D$97,"Visitante",$N$4:$N$97,$CH17))} -> 1 | CJ17: {=IF($CH17="-","-",COUNTIFS($AA$4:$AA$97,$BD17,$D$4:$D$97,"Empate",$O$4:$O$97,$CH17)+COUNTIFS($AF$4:$AF$97,$BD17,$D$4:$D$97,"Empate",$N$4:$N$97,$CH17))} -> 0 | CK17: {=IF($CH17="-","-",COUNTIFS($AA$4:$AA$97,$BD17,$D$4:$D$97,"Visitante",$O$4:$O$97,$CH17)+COUNTIFS($AF$4:$AF$97,$BD17,$D$4:$D$97,"Local",$N$4:$N$97,$CH17))} -> 2 | CL17: {=IF($CH17="-","-",CI17*3+CJ17)} -> 3 | CM17: 1 | CN17: P.1 (4) | CO17: {=IF($CN17="-","-",SUMIFS($AC$4:$AC$97,$AA$4:$AA$97,$BD17,$R$4:$R$97,$CN17)+SUMIFS($AD$4:$AD$97,$AF$4:$AF$97,$BD17,$Q$4:$Q$97,$CN17))} -> 3 | CP17: {=IF($CN17="-","-",SUMIFS($AD$4:$AD$97,$AA$4:$AA$97,$BD17,$R$4:$R$97,$CN17)+SUMIFS($AC$4:$AC$97,$AF$4:$AF$97,$BD17,$Q$4:$Q$97,$CN17))} -> 7 | CQ17: {=IF($CN17="-","-",CO17-CP17)} -> -4 | CR17: 1 | CS17: P.1 (4) | CT17: {=IF($CS17="-","-",SUMIFS($AC$4:$AC$97,$AA$4:$AA$97,$BD17,$U$4:$U$97,$CS17)+SUMIFS($AD$4:$AD$97,$AF$4:$AF$97,$BD17,$T$4:$T$97,$CS17))} -> 3 | CU17: 1 | CV17: P.1 (4) | CW17: {=IF(CV17="-","-",BL17)} -> -4 | CX17: 1 | CY17: P.1 (4) | CZ17: {=IF(CY17="-","-",BJ17)} -> 3 | DA17: 1 | DB17: P.1 (4) | DC17: 4 | DD17: 4 | DF17: {=IF(OR(INDEX($AW$6:$AW$97,MATCH($BD17,$AV$6:$AV$97,0))="",DB17="-"),DD17,INDEX($AW$6:$AW$97,MATCH($BD17,$AV$6:$AV$97,0))+DD17/1000)} -> 4 | DG17: 3 | DH17: 4 | DJ17: {=INDEX($DA$6:$DA$53,MATCH($DQ17,$BD$6:$BD$53,0))} -> 1 | DK17: {=SUMIF($BC$6:$BC$53,BC17,$BF$6:$BF$53)} -> 12 | DL17: {=IF(OR(DK17=12,$AJ$99=144),COUNTIFS($DJ$6:$DJ$53,DJ17,$BC$6:$BC$53,BC17),1)} -> 4 | DM17: {=DJ17&"."&DL17} -> 1.4 | DN17: 1 | DP17: 4C | DQ17: {=INDEX($BD$6:$BD$53,MATCH(DP17,$BM$6:$BM$53,0))} -> Escocia
BC18: D | BD18: Estados Unidos | BE18: {=BG18*3+BH18+IF($AZ$3="No",0,INDEX($AZ$6:$AZ$97,MATCH(BD18,$AY$6:$AY$97,0)))} -> 3 | BF18: {=BG18+BH18+BI18} -> 3 | BG18: {=COUNTIFS($AA$4:$AA$97,BD18,$D$4:$D$97,"Local")+COUNTIFS($AF$4:$AF$97,BD18,$D$4:$D$97,"Visitante")} -> 1 | BH18: {=COUNTIFS($AA$4:$AA$97,BD18,$D$4:$D$97,"Empate")+COUNTIFS($AF$4:$AF$97,BD18,$D$4:$D$97,"Empate")} -> 0 | BI18: {=COUNTIFS($AF$4:$AF$97,BD18,$D$4:$D$97,"Local")+COUNTIFS($AA$4:$AA$97,BD18,$D$4:$D$97,"Visitante")} -> 2 | BJ18: {=SUMIFS($AC$4:$AC$97,$AA$4:$AA$97,BD18,$D$4:$D$97,"<>"&"Pendiente",$AC$4:$AC$97,"<>"&"",$AD$4:$AD$97,"<>"&"")+SUMIFS($AD$4:$AD$97,$AF$4:$AF$97,BD18,$D$4:$D$97,"<>"&"Pendiente",$AC$4:$AC$97,"<>"&"",$AD$4:$AD$97,"<>"&"")} -> 4 | BK18: {=SUMIFS($AC$4:$AC$97,$AF$4:$AF$97,BD18,$D$4:$D$97,"<>"&"Pendiente",$AC$4:$AC$97,"<>"&"",$AD$4:$AD$97,"<>"&"")+SUMIFS($AD$4:$AD$97,$AA$4:$AA$97,BD18,$D$4:$D$97,"<>"&"Pendiente",$AC$4:$AC$97,"<>"&"",$AD$4:$AD$97,"<>"&"")} -> 5 | BL18: {=BJ18-BK18} -> -1 | BM18: {=DD18&BC18} -> 1D | BN18: {=DH18&BC18} -> 1D | BO18: {=IF(AND($AJ$99=144,BF18>=1),1,0)} -> 0 | BP18: 1 | BQ18: P.1 (4) | BR18: {=IF($BQ18="-","-",BE18)} -> 3 | BS18: 1 | BT18: P.1 (4) | BU18: {=IF($BT18="-","-",COUNTIFS($AA$4:$AA$97,$BD18,$D$4:$D$97,"Local",$F$4:$F$97,$BT18)+COUNTIFS($AF$4:$AF$97,$BD18,$D$4:$D$97,"Visitante",$E$4:$E$97,$BT18))} -> 1 | BV18: {=IF($BT18="-","-",COUNTIFS($AA$4:$AA$97,$BD18,$D$4:$D$97,"Empate",$F$4:$F$97,$BT18)+COUNTIFS($AF$4:$AF$97,$BD18,$D$4:$D$97,"Empate",$E$4:$E$97,$BT18))} -> 0 | BW18: {=IF($BT18="-","-",COUNTIFS($AA$4:$AA$97,$BD18,$D$4:$D$97,"Visitante",$F$4:$F$97,$BT18)+COUNTIFS($AF$4:$AF$97,$BD18,$D$4:$D$97,"Local",$E$4:$E$97,$BT18))} -> 2 | BX18: {=IF($BT18="-","-",BU18*3+BV18)} -> 3 | BY18: 1 | BZ18: P.1 (4) | CA18: {=IF($BZ18="-","-",SUMIFS($AC$4:$AC$97,$AA$4:$AA$97,$BD18,$I$4:$I$97,$BZ18)+SUMIFS($AD$4:$AD$97,$AF$4:$AF$97,$BD18,$H$4:$H$97,$BZ18))} -> 4 | CB18: {=IF($BZ18="-","-",SUMIFS($AD$4:$AD$97,$AA$4:$AA$97,$BD18,$I$4:$I$97,$BZ18)+SUMIFS($AC$4:$AC$97,$AF$4:$AF$97,$BD18,$H$4:$H$97,$BZ18))} -> 5 | CC18: {=IF($BZ18="-","-",CA18-CB18)} -> -1 | CD18: 1 | CE18: P.1 (4) | CF18: {=IF($CE18="-","-",SUMIFS($AC$4:$AC$97,$AA$4:$AA$97,$BD18,$L$4:$L$97,$CE18)+SUMIFS($AD$4:$AD$97,$AF$4:$AF$97,$BD18,$K$4:$K$97,$CE18))} -> 4 | CG18: 1 | CH18: P.1 (4) | CI18: {=IF($CH18="-","-",COUNTIFS($AA$4:$AA$97,$BD18,$D$4:$D$97,"Local",$O$4:$O$97,$CH18)+COUNTIFS($AF$4:$AF$97,$BD18,$D$4:$D$97,"Visitante",$N$4:$N$97,$CH18))} -> 1 | CJ18: {=IF($CH18="-","-",COUNTIFS($AA$4:$AA$97,$BD18,$D$4:$D$97,"Empate",$O$4:$O$97,$CH18)+COUNTIFS($AF$4:$AF$97,$BD18,$D$4:$D$97,"Empate",$N$4:$N$97,$CH18))} -> 0 | CK18: {=IF($CH18="-","-",COUNTIFS($AA$4:$AA$97,$BD18,$D$4:$D$97,"Visitante",$O$4:$O$97,$CH18)+COUNTIFS($AF$4:$AF$97,$BD18,$D$4:$D$97,"Local",$N$4:$N$97,$CH18))} -> 2 | CL18: {=IF($CH18="-","-",CI18*3+CJ18)} -> 3 | CM18: 1 | CN18: P.1 (4) | CO18: {=IF($CN18="-","-",SUMIFS($AC$4:$AC$97,$AA$4:$AA$97,$BD18,$R$4:$R$97,$CN18)+SUMIFS($AD$4:$AD$97,$AF$4:$AF$97,$BD18,$Q$4:$Q$97,$CN18))} -> 4 | CP18: {=IF($CN18="-","-",SUMIFS($AD$4:$AD$97,$AA$4:$AA$97,$BD18,$R$4:$R$97,$CN18)+SUMIFS($AC$4:$AC$97,$AF$4:$AF$97,$BD18,$Q$4:$Q$97,$CN18))} -> 5 | CQ18: {=IF($CN18="-","-",CO18-CP18)} -> -1 | CR18: 1 | CS18: P.1 (4) | CT18: {=IF($CS18="-","-",SUMIFS($AC$4:$AC$97,$AA$4:$AA$97,$BD18,$U$4:$U$97,$CS18)+SUMIFS($AD$4:$AD$97,$AF$4:$AF$97,$BD18,$T$4:$T$97,$CS18))} -> 4 | CU18: 1 | CV18: P.1 (4) | CW18: {=IF(CV18="-","-",BL18)} -> -1 | CX18: 1 | CY18: P.1 (4) | CZ18: {=IF(CY18="-","-",BJ18)} -> 4 | DA18: 1 | DB18: P.1 (4) | DC18: 1 | DD18: 1 | DF18: {=IF(OR(INDEX($AW$6:$AW$97,MATCH($BD18,$AV$6:$AV$97,0))="",DB18="-"),DD18,INDEX($AW$6:$AW$97,MATCH($BD18,$AV$6:$AV$97,0))+DD18/1000)} -> 1 | DG18: 0 | DH18: 1 | DJ18: {=INDEX($DA$6:$DA$53,MATCH($DQ18,$BD$6:$BD$53,0))} -> 1 | DK18: {=SUMIF($BC$6:$BC$53,BC18,$BF$6:$BF$53)} -> 12 | DL18: {=IF(OR(DK18=12,$AJ$99=144),COUNTIFS($DJ$6:$DJ$53,DJ18,$BC$6:$BC$53,BC18),1)} -> 4 | DM18: {=DJ18&"."&DL18} -> 1.4 | DN18: 1 | DP18: 1D | DQ18: {=INDEX($BD$6:$BD$53,MATCH(DP18,$BM$6:$BM$53,0))} -> Estados Unidos
X19: {=X3} -> Fecha | Y19: {=Y3} -> Hora | Z19: {=Z3} -> Jor. | AA19: {=AA3} -> Casa | AC19: {=AC3} -> Gol | AD19: {=AD3} -> Gol | AF19: {=AF3} -> Fuera | BC19: D | BD19: Paraguay | BE19: {=BG19*3+BH19+IF($AZ$3="No",0,INDEX($AZ$6:$AZ$97,MATCH(BD19,$AY$6:$AY$97,0)))} -> 7 | BF19: {=BG19+BH19+BI19} -> 3 | BG19: {=COUNTIFS($AA$4:$AA$97,BD19,$D$4:$D$97,"Local")+COUNTIFS($AF$4:$AF$97,BD19,$D$4:$D$97,"Visitante")} -> 2 | BH19: {=COUNTIFS($AA$4:$AA$97,BD19,$D$4:$D$97,"Empate")+COUNTIFS($AF$4:$AF$97,BD19,$D$4:$D$97,"Empate")} -> 1 | BI19: {=COUNTIFS($AF$4:$AF$97,BD19,$D$4:$D$97,"Local")+COUNTIFS($AA$4:$AA$97,BD19,$D$4:$D$97,"Visitante")} -> 0 | BJ19: {=SUMIFS($AC$4:$AC$97,$AA$4:$AA$97,BD19,$D$4:$D$97,"<>"&"Pendiente",$AC$4:$AC$97,"<>"&"",$AD$4:$AD$97,"<>"&"")+SUMIFS($AD$4:$AD$97,$AF$4:$AF$97,BD19,$D$4:$D$97,"<>"&"Pendiente",$AC$4:$AC$97,"<>"&"",$AD$4:$AD$97,"<>"&"")} -> 4 | BK19: {=SUMIFS($AC$4:$AC$97,$AF$4:$AF$97,BD19,$D$4:$D$97,"<>"&"Pendiente",$AC$4:$AC$97,"<>"&"",$AD$4:$AD$97,"<>"&"")+SUMIFS($AD$4:$AD$97,$AA$4:$AA$97,BD19,$D$4:$D$97,"<>"&"Pendiente",$AC$4:$AC$97,"<>"&"",$AD$4:$AD$97,"<>"&"")} -> 2 | BL19: {=BJ19-BK19} -> 2 | BM19: {=DD19&BC19} -> 2D | BN19: {=DH19&BC19} -> 2D | BO19: {=IF(AND($AJ$99=144,BF19>=1),1,0)} -> 0 | BP19: 1 | BQ19: P.1 (4) | BR19: {=IF($BQ19="-","-",BE19)} -> 7 | BS19: 1 | BT19: P.1 (4) | BU19: {=IF($BT19="-","-",COUNTIFS($AA$4:$AA$97,$BD19,$D$4:$D$97,"Local",$F$4:$F$97,$BT19)+COUNTIFS($AF$4:$AF$97,$BD19,$D$4:$D$97,"Visitante",$E$4:$E$97,$BT19))} -> 2 | BV19: {=IF($BT19="-","-",COUNTIFS($AA$4:$AA$97,$BD19,$D$4:$D$97,"Empate",$F$4:$F$97,$BT19)+COUNTIFS($AF$4:$AF$97,$BD19,$D$4:$D$97,"Empate",$E$4:$E$97,$BT19))} -> 1 | BW19: {=IF($BT19="-","-",COUNTIFS($AA$4:$AA$97,$BD19,$D$4:$D$97,"Visitante",$F$4:$F$97,$BT19)+COUNTIFS($AF$4:$AF$97,$BD19,$D$4:$D$97,"Local",$E$4:$E$97,$BT19))} -> 0 | BX19: {=IF($BT19="-","-",BU19*3+BV19)} -> 7 | BY19: 1 | BZ19: P.1 (4) | CA19: {=IF($BZ19="-","-",SUMIFS($AC$4:$AC$97,$AA$4:$AA$97,$BD19,$I$4:$I$97,$BZ19)+SUMIFS($AD$4:$AD$97,$AF$4:$AF$97,$BD19,$H$4:$H$97,$BZ19))} -> 4 | CB19: {=IF($BZ19="-","-",SUMIFS($AD$4:$AD$97,$AA$4:$AA$97,$BD19,$I$4:$I$97,$BZ19)+SUMIFS($AC$4:$AC$97,$AF$4:$AF$97,$BD19,$H$4:$H$97,$BZ19))} -> 2 | CC19: {=IF($BZ19="-","-",CA19-CB19)} -> 2 | CD19: 1 | CE19: P.1 (4) | CF19: {=IF($CE19="-","-",SUMIFS($AC$4:$AC$97,$AA$4:$AA$97,$BD19,$L$4:$L$97,$CE19)+SUMIFS($AD$4:$AD$97,$AF$4:$AF$97,$BD19,$K$4:$K$97,$CE19))} -> 4 | CG19: 1 | CH19: P.1 (4) | CI19: {=IF($CH19="-","-",COUNTIFS($AA$4:$AA$97,$BD19,$D$4:$D$97,"Local",$O$4:$O$97,$CH19)+COUNTIFS($AF$4:$AF$97,$BD19,$D$4:$D$97,"Visitante",$N$4:$N$97,$CH19))} -> 2 | CJ19: {=IF($CH19="-","-",COUNTIFS($AA$4:$AA$97,$BD19,$D$4:$D$97,"Empate",$O$4:$O$97,$CH19)+COUNTIFS($AF$4:$AF$97,$BD19,$D$4:$D$97,"Empate",$N$4:$N$97,$CH19))} -> 1 | CK19: {=IF($CH19="-","-",COUNTIFS($AA$4:$AA$97,$BD19,$D$4:$D$97,"Visitante",$O$4:$O$97,$CH19)+COUNTIFS($AF$4:$AF$97,$BD19,$D$4:$D$97,"Local",$N$4:$N$97,$CH19))} -> 0 | CL19: {=IF($CH19="-","-",CI19*3+CJ19)} -> 7 | CM19: 1 | CN19: P.1 (4) | CO19: {=IF($CN19="-","-",SUMIFS($AC$4:$AC$97,$AA$4:$AA$97,$BD19,$R$4:$R$97,$CN19)+SUMIFS($AD$4:$AD$97,$AF$4:$AF$97,$BD19,$Q$4:$Q$97,$CN19))} -> 4 | CP19: {=IF($CN19="-","-",SUMIFS($AD$4:$AD$97,$AA$4:$AA$97,$BD19,$R$4:$R$97,$CN19)+SUMIFS($AC$4:$AC$97,$AF$4:$AF$97,$BD19,$Q$4:$Q$97,$CN19))} -> 2 | CQ19: {=IF($CN19="-","-",CO19-CP19)} -> 2 | CR19: 1 | CS19: P.1 (4) | CT19: {=IF($CS19="-","-",SUMIFS($AC$4:$AC$97,$AA$4:$AA$97,$BD19,$U$4:$U$97,$CS19)+SUMIFS($AD$4:$AD$97,$AF$4:$AF$97,$BD19,$T$4:$T$97,$CS19))} -> 4 | CU19: 1 | CV19: P.1 (4) | CW19: {=IF(CV19="-","-",BL19)} -> 2 | CX19: 1 | CY19: P.1 (4) | CZ19: {=IF(CY19="-","-",BJ19)} -> 4 | DA19: 1 | DB19: P.1 (4) | DC19: 2 | DD19: 2 | DF19: {=IF(OR(INDEX($AW$6:$AW$97,MATCH($BD19,$AV$6:$AV$97,0))="",DB19="-"),DD19,INDEX($AW$6:$AW$97,MATCH($BD19,$AV$6:$AV$97,0))+DD19/1000)} -> 2 | DG19: 1 | DH19: 2 | DJ19: {=INDEX($DA$6:$DA$53,MATCH($DQ19,$BD$6:$BD$53,0))} -> 1 | DK19: {=SUMIF($BC$6:$BC$53,BC19,$BF$6:$BF$53)} -> 12 | DL19: {=IF(OR(DK19=12,$AJ$99=144),COUNTIFS($DJ$6:$DJ$53,DJ19,$BC$6:$BC$53,BC19),1)} -> 4 | DM19: {=DJ19&"."&DL19} -> 1.4 | DN19: 1 | DP19: 2D | DQ19: {=INDEX($BD$6:$BD$53,MATCH(DP19,$BM$6:$BM$53,0))} -> Paraguay
A20: NombreEquipo | B20: C | C20: 4 | D20: {=IF(OR(AC20="",AD20=""),"Pendiente",IF(AC20>AD20,"Local",IF(AC20<AD20,"Visitante","Empate")))} -> Local | E20: {=IF(D20="Pendiente","-",INDEX($BT$6:$BT$53,MATCH($AA20,$BD$6:$BD$53,0)))} -> P.1 (4) | F20: {=IF(D20="Pendiente","-",INDEX($BT$6:$BT$53,MATCH($AF20,$BD$6:$BD$53,0)))} -> P.1 (4) | H20: {=IF(D20="Pendiente","-",INDEX($BZ$6:$BZ$53,MATCH($AA20,$BD$6:$BD$53,0)))} -> P.1 (4) | I20: {=IF(D20="Pendiente","-",INDEX($BZ$6:$BZ$53,MATCH($AF20,$BD$6:$BD$53,0)))} -> P.1 (4) | K20: {=IF(D20="Pendiente","-",INDEX($CE$6:$CE$53,MATCH($AA20,$BD$6:$BD$53,0)))} -> P.1 (4) | L20: {=IF(D20="Pendiente","-",INDEX($CE$6:$CE$53,MATCH($AF20,$BD$6:$BD$53,0)))} -> P.1 (4) | N20: {=IF(D20="Pendiente","-",INDEX($CH$6:$CH$53,MATCH($AA20,$BD$6:$BD$53,0)))} -> P.1 (4) | O20: {=IF(D20="Pendiente","-",INDEX($CH$6:$CH$53,MATCH($AF20,$BD$6:$BD$53,0)))} -> P.1 (4) | Q20: {=IF(D20="Pendiente","-",INDEX($CN$6:$CN$53,MATCH($AA20,$BD$6:$BD$53,0)))} -> P.1 (4) | R20: {=IF(D20="Pendiente","-",INDEX($CN$6:$CN$53,MATCH($AF20,$BD$6:$BD$53,0)))} -> P.1 (4) | T20: {=IF(D20="Pendiente","-",INDEX($CS$6:$CS$53,MATCH($AA20,$BD$6:$BD$53,0)))} -> P.1 (4) | U20: {=IF(D20="Pendiente","-",INDEX($CS$6:$CS$53,MATCH($AF20,$BD$6:$BD$53,0)))} -> P.1 (4) | W20: C | X20: 46186.75 | Y20: 46186.75 | Z20: {=$Z$4} -> J1 | AA20: {=A21} -> Brasil | AC20: 2 | AD20: 1 | AF20: {=A22} -> Marruecos | AG20: {=IF(NOT(OR(ISBLANK(AC20),ISBLANK(AD20))),1,0)} -> 1 | AH20: 7 | AJ20: {=CONCATENATE(AJ3," ",B20)} -> Grupo C | AV20: {=IF(AU21>0,$AV$3,"")} -> ¡EMPATE! Puedes seleccionar el orden de los empatados. | BC20: D | BD20: Australia | BE20: {=BG20*3+BH20+IF($AZ$3="No",0,INDEX($AZ$6:$AZ$97,MATCH(BD20,$AY$6:$AY$97,0)))} -> 0 | BF20: {=BG20+BH20+BI20} -> 3 | BG20: {=COUNTIFS($AA$4:$AA$97,BD20,$D$4:$D$97,"Local")+COUNTIFS($AF$4:$AF$97,BD20,$D$4:$D$97,"Visitante")} -> 0 | BH20: {=COUNTIFS($AA$4:$AA$97,BD20,$D$4:$D$97,"Empate")+COUNTIFS($AF$4:$AF$97,BD20,$D$4:$D$97,"Empate")} -> 0 | BI20: {=COUNTIFS($AF$4:$AF$97,BD20,$D$4:$D$97,"Local")+COUNTIFS($AA$4:$AA$97,BD20,$D$4:$D$97,"Visitante")} -> 3 | BJ20: {=SUMIFS($AC$4:$AC$97,$AA$4:$AA$97,BD20,$D$4:$D$97,"<>"&"Pendiente",$AC$4:$AC$97,"<>"&"",$AD$4:$AD$97,"<>"&"")+SUMIFS($AD$4:$AD$97,$AF$4:$AF$97,BD20,$D$4:$D$97,"<>"&"Pendiente",$AC$4:$AC$97,"<>"&"",$AD$4:$AD$97,"<>"&"")} -> 1 | BK20: {=SUMIFS($AC$4:$AC$97,$AF$4:$AF$97,BD20,$D$4:$D$97,"<>"&"Pendiente",$AC$4:$AC$97,"<>"&"",$AD$4:$AD$97,"<>"&"")+SUMIFS($AD$4:$AD$97,$AA$4:$AA$97,BD20,$D$4:$D$97,"<>"&"Pendiente",$AC$4:$AC$97,"<>"&"",$AD$4:$AD$97,"<>"&"")} -> 7 | BL20: {=BJ20-BK20} -> -6 | BM20: {=DD20&BC20} -> 3D | BN20: {=DH20&BC20} -> 3D | BO20: {=IF(AND($AJ$99=144,BF20>=1),1,0)} -> 0 | BP20: 1 | BQ20: P.1 (4) | BR20: {=IF($BQ20="-","-",BE20)} -> 0 | BS20: 1 | BT20: P.1 (4) | BU20: {=IF($BT20="-","-",COUNTIFS($AA$4:$AA$97,$BD20,$D$4:$D$97,"Local",$F$4:$F$97,$BT20)+COUNTIFS($AF$4:$AF$97,$BD20,$D$4:$D$97,"Visitante",$E$4:$E$97,$BT20))} -> 0 | BV20: {=IF($BT20="-","-",COUNTIFS($AA$4:$AA$97,$BD20,$D$4:$D$97,"Empate",$F$4:$F$97,$BT20)+COUNTIFS($AF$4:$AF$97,$BD20,$D$4:$D$97,"Empate",$E$4:$E$97,$BT20))} -> 0 | BW20: {=IF($BT20="-","-",COUNTIFS($AA$4:$AA$97,$BD20,$D$4:$D$97,"Visitante",$F$4:$F$97,$BT20)+COUNTIFS($AF$4:$AF$97,$BD20,$D$4:$D$97,"Local",$E$4:$E$97,$BT20))} -> 3 | BX20: {=IF($BT20="-","-",BU20*3+BV20)} -> 0 | BY20: 1 | BZ20: P.1 (4) | CA20: {=IF($BZ20="-","-",SUMIFS($AC$4:$AC$97,$AA$4:$AA$97,$BD20,$I$4:$I$97,$BZ20)+SUMIFS($AD$4:$AD$97,$AF$4:$AF$97,$BD20,$H$4:$H$97,$BZ20))} -> 1 | CB20: {=IF($BZ20="-","-",SUMIFS($AD$4:$AD$97,$AA$4:$AA$97,$BD20,$I$4:$I$97,$BZ20)+SUMIFS($AC$4:$AC$97,$AF$4:$AF$97,$BD20,$H$4:$H$97,$BZ20))} -> 7 | CC20: {=IF($BZ20="-","-",CA20-CB20)} -> -6 | CD20: 1 | CE20: P.1 (4) | CF20: {=IF($CE20="-","-",SUMIFS($AC$4:$AC$97,$AA$4:$AA$97,$BD20,$L$4:$L$97,$CE20)+SUMIFS($AD$4:$AD$97,$AF$4:$AF$97,$BD20,$K$4:$K$97,$CE20))} -> 1 | CG20: 1 | CH20: P.1 (4) | CI20: {=IF($CH20="-","-",COUNTIFS($AA$4:$AA$97,$BD20,$D$4:$D$97,"Local",$O$4:$O$97,$CH20)+COUNTIFS($AF$4:$AF$97,$BD20,$D$4:$D$97,"Visitante",$N$4:$N$97,$CH20))} -> 0 | CJ20: {=IF($CH20="-","-",COUNTIFS($AA$4:$AA$97,$BD20,$D$4:$D$97,"Empate",$O$4:$O$97,$CH20)+COUNTIFS($AF$4:$AF$97,$BD20,$D$4:$D$97,"Empate",$N$4:$N$97,$CH20))} -> 0 | CK20: {=IF($CH20="-","-",COUNTIFS($AA$4:$AA$97,$BD20,$D$4:$D$97,"Visitante",$O$4:$O$97,$CH20)+COUNTIFS($AF$4:$AF$97,$BD20,$D$4:$D$97,"Local",$N$4:$N$97,$CH20))} -> 3 | CL20: {=IF($CH20="-","-",CI20*3+CJ20)} -> 0 | CM20: 1 | CN20: P.1 (4) | CO20: {=IF($CN20="-","-",SUMIFS($AC$4:$AC$97,$AA$4:$AA$97,$BD20,$R$4:$R$97,$CN20)+SUMIFS($AD$4:$AD$97,$AF$4:$AF$97,$BD20,$Q$4:$Q$97,$CN20))} -> 1 | CP20: {=IF($CN20="-","-",SUMIFS($AD$4:$AD$97,$AA$4:$AA$97,$BD20,$R$4:$R$97,$CN20)+SUMIFS($AC$4:$AC$97,$AF$4:$AF$97,$BD20,$Q$4:$Q$97,$CN20))} -> 7 | CQ20: {=IF($CN20="-","-",CO20-CP20)} -> -6 | CR20: 1 | CS20: P.1 (4) | CT20: {=IF($CS20="-","-",SUMIFS($AC$4:$AC$97,$AA$4:$AA$97,$BD20,$U$4:$U$97,$CS20)+SUMIFS($AD$4:$AD$97,$AF$4:$AF$97,$BD20,$T$4:$T$97,$CS20))} -> 1 | CU20: 1 | CV20: P.1 (4) | CW20: {=IF(CV20="-","-",BL20)} -> -6 | CX20: 1 | CY20: P.1 (4) | CZ20: {=IF(CY20="-","-",BJ20)} -> 1 | DA20: 1 | DB20: P.1 (4) | DC20: 3 | DD20: 3 | DF20: {=IF(OR(INDEX($AW$6:$AW$97,MATCH($BD20,$AV$6:$AV$97,0))="",DB20="-"),DD20,INDEX($AW$6:$AW$97,MATCH($BD20,$AV$6:$AV$97,0))+DD20/1000)} -> 3 | DG20: 2 | DH20: 3 | DJ20: {=INDEX($DA$6:$DA$53,MATCH($DQ20,$BD$6:$BD$53,0))} -> 1 | DK20: {=SUMIF($BC$6:$BC$53,BC20,$BF$6:$BF$53)} -> 12 | DL20: {=IF(OR(DK20=12,$AJ$99=144),COUNTIFS($DJ$6:$DJ$53,DJ20,$BC$6:$BC$53,BC20),1)} -> 4 | DM20: {=DJ20&"."&DL20} -> 1.4 | DN20: 1 | DP20: 3D | DQ20: {=INDEX($BD$6:$BD$53,MATCH(DP20,$BM$6:$BM$53,0))} -> Australia
A21: Brasil | D21: {=IF(OR(AC21="",AD21=""),"Pendiente",IF(AC21>AD21,"Local",IF(AC21<AD21,"Visitante","Empate")))} -> Visitante | E21: {=IF(D21="Pendiente","-",INDEX($BT$6:$BT$53,MATCH($AA21,$BD$6:$BD$53,0)))} -> P.1 (4) | F21: {=IF(D21="Pendiente","-",INDEX($BT$6:$BT$53,MATCH($AF21,$BD$6:$BD$53,0)))} -> P.1 (4) | H21: {=IF(D21="Pendiente","-",INDEX($BZ$6:$BZ$53,MATCH($AA21,$BD$6:$BD$53,0)))} -> P.1 (4) | I21: {=IF(D21="Pendiente","-",INDEX($BZ$6:$BZ$53,MATCH($AF21,$BD$6:$BD$53,0)))} -> P.1 (4) | K21: {=IF(D21="Pendiente","-",INDEX($CE$6:$CE$53,MATCH($AA21,$BD$6:$BD$53,0)))} -> P.1 (4) | L21: {=IF(D21="Pendiente","-",INDEX($CE$6:$CE$53,MATCH($AF21,$BD$6:$BD$53,0)))} -> P.1 (4) | N21: {=IF(D21="Pendiente","-",INDEX($CH$6:$CH$53,MATCH($AA21,$BD$6:$BD$53,0)))} -> P.1 (4) | O21: {=IF(D21="Pendiente","-",INDEX($CH$6:$CH$53,MATCH($AF21,$BD$6:$BD$53,0)))} -> P.1 (4) | Q21: {=IF(D21="Pendiente","-",INDEX($CN$6:$CN$53,MATCH($AA21,$BD$6:$BD$53,0)))} -> P.1 (4) | R21: {=IF(D21="Pendiente","-",INDEX($CN$6:$CN$53,MATCH($AF21,$BD$6:$BD$53,0)))} -> P.1 (4) | T21: {=IF(D21="Pendiente","-",INDEX($CS$6:$CS$53,MATCH($AA21,$BD$6:$BD$53,0)))} -> P.1 (4) | U21: {=IF(D21="Pendiente","-",INDEX($CS$6:$CS$53,MATCH($AF21,$BD$6:$BD$53,0)))} -> P.1 (4) | X21: 46186.875 | Y21: 46186.875 | Z21: {=$Z$4} -> J1 | AA21: {=A23} -> Haití | AC21: 1 | AD21: 2 | AF21: {=A24} -> Escocia | AG21: {=IF(NOT(OR(ISBLANK(AC21),ISBLANK(AD21))),1,0)} -> 1 | AH21: 5 | AJ21: {=AJ5} -> Pos | AL21: {=AL5} -> Selección | AM21: {=AM5} -> Pts | AN21: {=AN5} -> J | AO21: {=AO5} -> G | AP21: {=AP5} -> E | AQ21: {=AQ5} -> P | AR21: {=AR5} -> GF | AS21: {=AS5} -> GC | AT21: {=AT5} -> DG | AU21: {=COUNTIF(AU22:AU25,">1")} -> 4 | AY21: {=AL21} -> Selección | AZ21: Puntos penalizados | BC21: D | BD21: Turquía | BE21: {=BG21*3+BH21+IF($AZ$3="No",0,INDEX($AZ$6:$AZ$97,MATCH(BD21,$AY$6:$AY$97,0)))} -> 7 | BF21: {=BG21+BH21+BI21} -> 3 | BG21: {=COUNTIFS($AA$4:$AA$97,BD21,$D$4:$D$97,"Local")+COUNTIFS($AF$4:$AF$97,BD21,$D$4:$D$97,"Visitante")} -> 2 | BH21: {=COUNTIFS($AA$4:$AA$97,BD21,$D$4:$D$97,"Empate")+COUNTIFS($AF$4:$AF$97,BD21,$D$4:$D$97,"Empate")} -> 1 | BI21: {=COUNTIFS($AF$4:$AF$97,BD21,$D$4:$D$97,"Local")+COUNTIFS($AA$4:$AA$97,BD21,$D$4:$D$97,"Visitante")} -> 0 | BJ21: {=SUMIFS($AC$4:$AC$97,$AA$4:$AA$97,BD21,$D$4:$D$97,"<>"&"Pendiente",$AC$4:$AC$97,"<>"&"",$AD$4:$AD$97,"<>"&"")+SUMIFS($AD$4:$AD$97,$AF$4:$AF$97,BD21,$D$4:$D$97,"<>"&"Pendiente",$AC$4:$AC$97,"<>"&"",$AD$4:$AD$97,"<>"&"")} -> 7 | BK21: {=SUMIFS($AC$4:$AC$97,$AF$4:$AF$97,BD21,$D$4:$D$97,"<>"&"Pendiente",$AC$4:$AC$97,"<>"&"",$AD$4:$AD$97,"<>"&"")+SUMIFS($AD$4:$AD$97,$AA$4:$AA$97,BD21,$D$4:$D$97,"<>"&"Pendiente",$AC$4:$AC$97,"<>"&"",$AD$4:$AD$97,"<>"&"")} -> 2 | BL21: {=BJ21-BK21} -> 5 | BM21: {=DD21&BC21} -> 4D | BN21: {=DH21&BC21} -> 4D | BO21: {=IF(AND($AJ$99=144,BF21>=1),1,0)} -> 0 | BP21: 1 | BQ21: P.1 (4) | BR21: {=IF($BQ21="-","-",BE21)} -> 7 | BS21: 1 | BT21: P.1 (4) | BU21: {=IF($BT21="-","-",COUNTIFS($AA$4:$AA$97,$BD21,$D$4:$D$97,"Local",$F$4:$F$97,$BT21)+COUNTIFS($AF$4:$AF$97,$BD21,$D$4:$D$97,"Visitante",$E$4:$E$97,$BT21))} -> 2 | BV21: {=IF($BT21="-","-",COUNTIFS($AA$4:$AA$97,$BD21,$D$4:$D$97,"Empate",$F$4:$F$97,$BT21)+COUNTIFS($AF$4:$AF$97,$BD21,$D$4:$D$97,"Empate",$E$4:$E$97,$BT21))} -> 1 | BW21: {=IF($BT21="-","-",COUNTIFS($AA$4:$AA$97,$BD21,$D$4:$D$97,"Visitante",$F$4:$F$97,$BT21)+COUNTIFS($AF$4:$AF$97,$BD21,$D$4:$D$97,"Local",$E$4:$E$97,$BT21))} -> 0 | BX21: {=IF($BT21="-","-",BU21*3+BV21)} -> 7 | BY21: 1 | BZ21: P.1 (4) | CA21: {=IF($BZ21="-","-",SUMIFS($AC$4:$AC$97,$AA$4:$AA$97,$BD21,$I$4:$I$97,$BZ21)+SUMIFS($AD$4:$AD$97,$AF$4:$AF$97,$BD21,$H$4:$H$97,$BZ21))} -> 7 | CB21: {=IF($BZ21="-","-",SUMIFS($AD$4:$AD$97,$AA$4:$AA$97,$BD21,$I$4:$I$97,$BZ21)+SUMIFS($AC$4:$AC$97,$AF$4:$AF$97,$BD21,$H$4:$H$97,$BZ21))} -> 2 | CC21: {=IF($BZ21="-","-",CA21-CB21)} -> 5 | CD21: 1 | CE21: P.1 (4) | CF21: {=IF($CE21="-","-",SUMIFS($AC$4:$AC$97,$AA$4:$AA$97,$BD21,$L$4:$L$97,$CE21)+SUMIFS($AD$4:$AD$97,$AF$4:$AF$97,$BD21,$K$4:$K$97,$CE21))} -> 7 | CG21: 1 | CH21: P.1 (4) | CI21: {=IF($CH21="-","-",COUNTIFS($AA$4:$AA$97,$BD21,$D$4:$D$97,"Local",$O$4:$O$97,$CH21)+COUNTIFS($AF$4:$AF$97,$BD21,$D$4:$D$97,"Visitante",$N$4:$N$97,$CH21))} -> 2 | CJ21: {=IF($CH21="-","-",COUNTIFS($AA$4:$AA$97,$BD21,$D$4:$D$97,"Empate",$O$4:$O$97,$CH21)+COUNTIFS($AF$4:$AF$97,$BD21,$D$4:$D$97,"Empate",$N$4:$N$97,$CH21))} -> 1 | CK21: {=IF($CH21="-","-",COUNTIFS($AA$4:$AA$97,$BD21,$D$4:$D$97,"Visitante",$O$4:$O$97,$CH21)+COUNTIFS($AF$4:$AF$97,$BD21,$D$4:$D$97,"Local",$N$4:$N$97,$CH21))} -> 0 | CL21: {=IF($CH21="-","-",CI21*3+CJ21)} -> 7 | CM21: 1 | CN21: P.1 (4) | CO21: {=IF($CN21="-","-",SUMIFS($AC$4:$AC$97,$AA$4:$AA$97,$BD21,$R$4:$R$97,$CN21)+SUMIFS($AD$4:$AD$97,$AF$4:$AF$97,$BD21,$Q$4:$Q$97,$CN21))} -> 7 | CP21: {=IF($CN21="-","-",SUMIFS($AD$4:$AD$97,$AA$4:$AA$97,$BD21,$R$4:$R$97,$CN21)+SUMIFS($AC$4:$AC$97,$AF$4:$AF$97,$BD21,$Q$4:$Q$97,$CN21))} -> 2 | CQ21: {=IF($CN21="-","-",CO21-CP21)} -> 5 | CR21: 1 | CS21: P.1 (4) | CT21: {=IF($CS21="-","-",SUMIFS($AC$4:$AC$97,$AA$4:$AA$97,$BD21,$U$4:$U$97,$CS21)+SUMIFS($AD$4:$AD$97,$AF$4:$AF$97,$BD21,$T$4:$T$97,$CS21))} -> 7 | CU21: 1 | CV21: P.1 (4) | CW21: {=IF(CV21="-","-",BL21)} -> 5 | CX21: 1 | CY21: P.1 (4) | CZ21: {=IF(CY21="-","-",BJ21)} -> 7 | DA21: 1 | DB21: P.1 (4) | DC21: 4 | DD21: 4 | DF21: {=IF(OR(INDEX($AW$6:$AW$97,MATCH($BD21,$AV$6:$AV$97,0))="",DB21="-"),DD21,INDEX($AW$6:$AW$97,MATCH($BD21,$AV$6:$AV$97,0))+DD21/1000)} -> 4 | DG21: 3 | DH21: 4 | DJ21: {=INDEX($DA$6:$DA$53,MATCH($DQ21,$BD$6:$BD$53,0))} -> 1 | DK21: {=SUMIF($BC$6:$BC$53,BC21,$BF$6:$BF$53)} -> 12 | DL21: {=IF(OR(DK21=12,$AJ$99=144),COUNTIFS($DJ$6:$DJ$53,DJ21,$BC$6:$BC$53,BC21),1)} -> 4 | DM21: {=DJ21&"."&DL21} -> 1.4 | DN21: 1 | DP21: 4D | DQ21: {=INDEX($BD$6:$BD$53,MATCH(DP21,$BM$6:$BM$53,0))} -> Turquía
A22: Marruecos | D22: {=IF(OR(AC22="",AD22=""),"Pendiente",IF(AC22>AD22,"Local",IF(AC22<AD22,"Visitante","Empate")))} -> Visitante | E22: {=IF(D22="Pendiente","-",INDEX($BT$6:$BT$53,MATCH($AA22,$BD$6:$BD$53,0)))} -> P.1 (4) | F22: {=IF(D22="Pendiente","-",INDEX($BT$6:$BT$53,MATCH($AF22,$BD$6:$BD$53,0)))} -> P.1 (4) | H22: {=IF(D22="Pendiente","-",INDEX($BZ$6:$BZ$53,MATCH($AA22,$BD$6:$BD$53,0)))} -> P.1 (4) | I22: {=IF(D22="Pendiente","-",INDEX($BZ$6:$BZ$53,MATCH($AF22,$BD$6:$BD$53,0)))} -> P.1 (4) | K22: {=IF(D22="Pendiente","-",INDEX($CE$6:$CE$53,MATCH($AA22,$BD$6:$BD$53,0)))} -> P.1 (4) | L22: {=IF(D22="Pendiente","-",INDEX($CE$6:$CE$53,MATCH($AF22,$BD$6:$BD$53,0)))} -> P.1 (4) | N22: {=IF(D22="Pendiente","-",INDEX($CH$6:$CH$53,MATCH($AA22,$BD$6:$BD$53,0)))} -> P.1 (4) | O22: {=IF(D22="Pendiente","-",INDEX($CH$6:$CH$53,MATCH($AF22,$BD$6:$BD$53,0)))} -> P.1 (4) | Q22: {=IF(D22="Pendiente","-",INDEX($CN$6:$CN$53,MATCH($AA22,$BD$6:$BD$53,0)))} -> P.1 (4) | R22: {=IF(D22="Pendiente","-",INDEX($CN$6:$CN$53,MATCH($AF22,$BD$6:$BD$53,0)))} -> P.1 (4) | T22: {=IF(D22="Pendiente","-",INDEX($CS$6:$CS$53,MATCH($AA22,$BD$6:$BD$53,0)))} -> P.1 (4) | U22: {=IF(D22="Pendiente","-",INDEX($CS$6:$CS$53,MATCH($AF22,$BD$6:$BD$53,0)))} -> P.1 (4) | X22: 46192.75 | Y22: 46192.75 | Z22: {=$Z$6} -> J2 | AA22: {=A24} -> Escocia | AC22: 0 | AD22: 3 | AF22: {=A22} -> Marruecos | AG22: {=IF(NOT(OR(ISBLANK(AC22),ISBLANK(AD22))),1,0)} -> 1 | AH22: 30 | AI22: {=AJ22&$B$20} -> 1C | AJ22: 1 | AL22: {=IFERROR(INDEX($BD$6:$BD$53,MATCH(AI22,$BN$6:$BN$53,0)),"")} -> Brasil | AM22: {=INDEX($BE$6:$BN$53,MATCH($AL22,$BD$6:$BD$53,0),MATCH(AM$5,$BE$5:$BN$5,0))} -> 9 | AN22: {=INDEX($BE$6:$BN$53,MATCH($AL22,$BD$6:$BD$53,0),MATCH(AN$5,$BE$5:$BN$5,0))} -> 3 | AO22: {=INDEX($BE$6:$BN$53,MATCH($AL22,$BD$6:$BD$53,0),MATCH(AO$5,$BE$5:$BN$5,0))} -> 3 | AP22: {=INDEX($BE$6:$BN$53,MATCH($AL22,$BD$6:$BD$53,0),MATCH(AP$5,$BE$5:$BN$5,0))} -> 0 | AQ22: {=INDEX($BE$6:$BN$53,MATCH($AL22,$BD$6:$BD$53,0),MATCH(AQ$5,$BE$5:$BN$5,0))} -> 0 | AR22: {=INDEX($BE$6:$BN$53,MATCH($AL22,$BD$6:$BD$53,0),MATCH(AR$5,$BE$5:$BN$5,0))} -> 10 | AS22: {=INDEX($BE$6:$BN$53,MATCH($AL22,$BD$6:$BD$53,0),MATCH(AS$5,$BE$5:$BN$5,0))} -> 2 | AT22: {=INDEX($BE$6:$BN$53,MATCH($AL22,$BD$6:$BD$53,0),MATCH(AT$5,$BE$5:$BN$5,0))} -> 8 | AU22: {=INDEX($DL$6:$DL$53,MATCH(AI22,$DP$6:$DP$53,0))} -> 4 | AV22: {=INDEX($BD$6:$BD$53,MATCH(AI22,$BM$6:$BM$53,0))} -> Brasil | AY22: {=A21} -> Brasil | BC22: E | BD22: Alemania | BE22: {=BG22*3+BH22+IF($AZ$3="No",0,INDEX($AZ$6:$AZ$97,MATCH(BD22,$AY$6:$AY$97,0)))} -> 9 | BF22: {=BG22+BH22+BI22} -> 3 | BG22: {=COUNTIFS($AA$4:$AA$97,BD22,$D$4:$D$97,"Local")+COUNTIFS($AF$4:$AF$97,BD22,$D$4:$D$97,"Visitante")} -> 3 | BH22: {=COUNTIFS($AA$4:$AA$97,BD22,$D$4:$D$97,"Empate")+COUNTIFS($AF$4:$AF$97,BD22,$D$4:$D$97,"Empate")} -> 0 | BI22: {=COUNTIFS($AF$4:$AF$97,BD22,$D$4:$D$97,"Local")+COUNTIFS($AA$4:$AA$97,BD22,$D$4:$D$97,"Visitante")} -> 0 | BJ22: {=SUMIFS($AC$4:$AC$97,$AA$4:$AA$97,BD22,$D$4:$D$97,"<>"&"Pendiente",$AC$4:$AC$97,"<>"&"",$AD$4:$AD$97,"<>"&"")+SUMIFS($AD$4:$AD$97,$AF$4:$AF$97,BD22,$D$4:$D$97,"<>"&"Pendiente",$AC$4:$AC$97,"<>"&"",$AD$4:$AD$97,"<>"&"")} -> 10 | BK22: {=SUMIFS($AC$4:$AC$97,$AF$4:$AF$97,BD22,$D$4:$D$97,"<>"&"Pendiente",$AC$4:$AC$97,"<>"&"",$AD$4:$AD$97,"<>"&"")+SUMIFS($AD$4:$AD$97,$AA$4:$AA$97,BD22,$D$4:$D$97,"<>"&"Pendiente",$AC$4:$AC$97,"<>"&"",$AD$4:$AD$97,"<>"&"")} -> 2 | BL22: {=BJ22-BK22} -> 8 | BM22: {=DD22&BC22} -> 1E | BN22: {=DH22&BC22} -> 1E | BO22: {=IF(AND($AJ$99=144,BF22>=1),1,0)} -> 0 | BP22: 1 | BQ22: P.1 (4) | BR22: {=IF($BQ22="-","-",BE22)} -> 9 | BS22: 1 | BT22: P.1 (4) | BU22: {=IF($BT22="-","-",COUNTIFS($AA$4:$AA$97,$BD22,$D$4:$D$97,"Local",$F$4:$F$97,$BT22)+COUNTIFS($AF$4:$AF$97,$BD22,$D$4:$D$97,"Visitante",$E$4:$E$97,$BT22))} -> 3 | BV22: {=IF($BT22="-","-",COUNTIFS($AA$4:$AA$97,$BD22,$D$4:$D$97,"Empate",$F$4:$F$97,$BT22)+COUNTIFS($AF$4:$AF$97,$BD22,$D$4:$D$97,"Empate",$E$4:$E$97,$BT22))} -> 0 | BW22: {=IF($BT22="-","-",COUNTIFS($AA$4:$AA$97,$BD22,$D$4:$D$97,"Visitante",$F$4:$F$97,$BT22)+COUNTIFS($AF$4:$AF$97,$BD22,$D$4:$D$97,"Local",$E$4:$E$97,$BT22))} -> 0 | BX22: {=IF($BT22="-","-",BU22*3+BV22)} -> 9 | BY22: 1 | BZ22: P.1 (4) | CA22: {=IF($BZ22="-","-",SUMIFS($AC$4:$AC$97,$AA$4:$AA$97,$BD22,$I$4:$I$97,$BZ22)+SUMIFS($AD$4:$AD$97,$AF$4:$AF$97,$BD22,$H$4:$H$97,$BZ22))} -> 10 | CB22: {=IF($BZ22="-","-",SUMIFS($AD$4:$AD$97,$AA$4:$AA$97,$BD22,$I$4:$I$97,$BZ22)+SUMIFS($AC$4:$AC$97,$AF$4:$AF$97,$BD22,$H$4:$H$97,$BZ22))} -> 2 | CC22: {=IF($BZ22="-","-",CA22-CB22)} -> 8 | CD22: 1 | CE22: P.1 (4) | CF22: {=IF($CE22="-","-",SUMIFS($AC$4:$AC$97,$AA$4:$AA$97,$BD22,$L$4:$L$97,$CE22)+SUMIFS($AD$4:$AD$97,$AF$4:$AF$97,$BD22,$K$4:$K$97,$CE22))} -> 10 | CG22: 1 | CH22: P.1 (4) | CI22: {=IF($CH22="-","-",COUNTIFS($AA$4:$AA$97,$BD22,$D$4:$D$97,"Local",$O$4:$O$97,$CH22)+COUNTIFS($AF$4:$AF$97,$BD22,$D$4:$D$97,"Visitante",$N$4:$N$97,$CH22))} -> 3 | CJ22: {=IF($CH22="-","-",COUNTIFS($AA$4:$AA$97,$BD22,$D$4:$D$97,"Empate",$O$4:$O$97,$CH22)+COUNTIFS($AF$4:$AF$97,$BD22,$D$4:$D$97,"Empate",$N$4:$N$97,$CH22))} -> 0 | CK22: {=IF($CH22="-","-",COUNTIFS($AA$4:$AA$97,$BD22,$D$4:$D$97,"Visitante",$O$4:$O$97,$CH22)+COUNTIFS($AF$4:$AF$97,$BD22,$D$4:$D$97,"Local",$N$4:$N$97,$CH22))} -> 0 | CL22: {=IF($CH22="-","-",CI22*3+CJ22)} -> 9 | CM22: 1 | CN22: P.1 (4) | CO22: {=IF($CN22="-","-",SUMIFS($AC$4:$AC$97,$AA$4:$AA$97,$BD22,$R$4:$R$97,$CN22)+SUMIFS($AD$4:$AD$97,$AF$4:$AF$97,$BD22,$Q$4:$Q$97,$CN22))} -> 10 | CP22: {=IF($CN22="-","-",SUMIFS($AD$4:$AD$97,$AA$4:$AA$97,$BD22,$R$4:$R$97,$CN22)+SUMIFS($AC$4:$AC$97,$AF$4:$AF$97,$BD22,$Q$4:$Q$97,$CN22))} -> 2 | CQ22: {=IF($CN22="-","-",CO22-CP22)} -> 8 | CR22: 1 | CS22: P.1 (4) | CT22: {=IF($CS22="-","-",SUMIFS($AC$4:$AC$97,$AA$4:$AA$97,$BD22,$U$4:$U$97,$CS22)+SUMIFS($AD$4:$AD$97,$AF$4:$AF$97,$BD22,$T$4:$T$97,$CS22))} -> 10 | CU22: 1 | CV22: P.1 (4) | CW22: {=IF(CV22="-","-",BL22)} -> 8 | CX22: 1 | CY22: P.1 (4) | CZ22: {=IF(CY22="-","-",BJ22)} -> 10 | DA22: 1 | DB22: P.1 (4) | DC22: 1 | DD22: 1 | DF22: {=IF(OR(INDEX($AW$6:$AW$97,MATCH($BD22,$AV$6:$AV$97,0))="",DB22="-"),DD22,INDEX($AW$6:$AW$97,MATCH($BD22,$AV$6:$AV$97,0))+DD22/1000)} -> 1 | DG22: 0 | DH22: 1 | DJ22: {=INDEX($DA$6:$DA$53,MATCH($DQ22,$BD$6:$BD$53,0))} -> 1 | DK22: {=SUMIF($BC$6:$BC$53,BC22,$BF$6:$BF$53)} -> 12 | DL22: {=IF(OR(DK22=12,$AJ$99=144),COUNTIFS($DJ$6:$DJ$53,DJ22,$BC$6:$BC$53,BC22),1)} -> 4 | DM22: {=DJ22&"."&DL22} -> 1.4 | DN22: 1 | DP22: 1E | DQ22: {=INDEX($BD$6:$BD$53,MATCH(DP22,$BM$6:$BM$53,0))} -> Alemania
A23: Haití | D23: {=IF(OR(AC23="",AD23=""),"Pendiente",IF(AC23>AD23,"Local",IF(AC23<AD23,"Visitante","Empate")))} -> Local | E23: {=IF(D23="Pendiente","-",INDEX($BT$6:$BT$53,MATCH($AA23,$BD$6:$BD$53,0)))} -> P.1 (4) | F23: {=IF(D23="Pendiente","-",INDEX($BT$6:$BT$53,MATCH($AF23,$BD$6:$BD$53,0)))} -> P.1 (4) | H23: {=IF(D23="Pendiente","-",INDEX($BZ$6:$BZ$53,MATCH($AA23,$BD$6:$BD$53,0)))} -> P.1 (4) | I23: {=IF(D23="Pendiente","-",INDEX($BZ$6:$BZ$53,MATCH($AF23,$BD$6:$BD$53,0)))} -> P.1 (4) | K23: {=IF(D23="Pendiente","-",INDEX($CE$6:$CE$53,MATCH($AA23,$BD$6:$BD$53,0)))} -> P.1 (4) | L23: {=IF(D23="Pendiente","-",INDEX($CE$6:$CE$53,MATCH($AF23,$BD$6:$BD$53,0)))} -> P.1 (4) | N23: {=IF(D23="Pendiente","-",INDEX($CH$6:$CH$53,MATCH($AA23,$BD$6:$BD$53,0)))} -> P.1 (4) | O23: {=IF(D23="Pendiente","-",INDEX($CH$6:$CH$53,MATCH($AF23,$BD$6:$BD$53,0)))} -> P.1 (4) | Q23: {=IF(D23="Pendiente","-",INDEX($CN$6:$CN$53,MATCH($AA23,$BD$6:$BD$53,0)))} -> P.1 (4) | R23: {=IF(D23="Pendiente","-",INDEX($CN$6:$CN$53,MATCH($AF23,$BD$6:$BD$53,0)))} -> P.1 (4) | T23: {=IF(D23="Pendiente","-",INDEX($CS$6:$CS$53,MATCH($AA23,$BD$6:$BD$53,0)))} -> P.1 (4) | U23: {=IF(D23="Pendiente","-",INDEX($CS$6:$CS$53,MATCH($AF23,$BD$6:$BD$53,0)))} -> P.1 (4) | X23: 46192.854 | Y23: 46192.854 | Z23: {=$Z$6} -> J2 | AA23: {=A21} -> Brasil | AC23: 5 | AD23: 0 | AF23: {=A23} -> Haití | AG23: {=IF(NOT(OR(ISBLANK(AC23),ISBLANK(AD23))),1,0)} -> 1 | AH23: 29 | AI23: {=AJ23&$B$20} -> 2C | AJ23: 2 | AL23: {=IFERROR(INDEX($BD$6:$BD$53,MATCH(AI23,$BN$6:$BN$53,0)),"")} -> Marruecos | AM23: {=INDEX($BE$6:$BN$53,MATCH($AL23,$BD$6:$BD$53,0),MATCH(AM$5,$BE$5:$BN$5,0))} -> 6 | AN23: {=INDEX($BE$6:$BN$53,MATCH($AL23,$BD$6:$BD$53,0),MATCH(AN$5,$BE$5:$BN$5,0))} -> 3 | AO23: {=INDEX($BE$6:$BN$53,MATCH($AL23,$BD$6:$BD$53,0),MATCH(AO$5,$BE$5:$BN$5,0))} -> 2 | AP23: {=INDEX($BE$6:$BN$53,MATCH($AL23,$BD$6:$BD$53,0),MATCH(AP$5,$BE$5:$BN$5,0))} -> 0 | AQ23: {=INDEX($BE$6:$BN$53,MATCH($AL23,$BD$6:$BD$53,0),MATCH(AQ$5,$BE$5:$BN$5,0))} -> 1 | AR23: {=INDEX($BE$6:$BN$53,MATCH($AL23,$BD$6:$BD$53,0),MATCH(AR$5,$BE$5:$BN$5,0))} -> 8 | AS23: {=INDEX($BE$6:$BN$53,MATCH($AL23,$BD$6:$BD$53,0),MATCH(AS$5,$BE$5:$BN$5,0))} -> 2 | AT23: {=INDEX($BE$6:$BN$53,MATCH($AL23,$BD$6:$BD$53,0),MATCH(AT$5,$BE$5:$BN$5,0))} -> 6 | AU23: {=INDEX($DL$6:$DL$53,MATCH(AI23,$DP$6:$DP$53,0))} -> 4 | AV23: {=INDEX($BD$6:$BD$53,MATCH(AI23,$BM$6:$BM$53,0))} -> Marruecos | AY23: {=A22} -> Marruecos | BC23: E | BD23: Curazao | BE23: {=BG23*3+BH23+IF($AZ$3="No",0,INDEX($AZ$6:$AZ$97,MATCH(BD23,$AY$6:$AY$97,0)))} -> 0 | BF23: {=BG23+BH23+BI23} -> 3 | BG23: {=COUNTIFS($AA$4:$AA$97,BD23,$D$4:$D$97,"Local")+COUNTIFS($AF$4:$AF$97,BD23,$D$4:$D$97,"Visitante")} -> 0 | BH23: {=COUNTIFS($AA$4:$AA$97,BD23,$D$4:$D$97,"Empate")+COUNTIFS($AF$4:$AF$97,BD23,$D$4:$D$97,"Empate")} -> 0 | BI23: {=COUNTIFS($AF$4:$AF$97,BD23,$D$4:$D$97,"Local")+COUNTIFS($AA$4:$AA$97,BD23,$D$4:$D$97,"Visitante")} -> 3 | BJ23: {=SUMIFS($AC$4:$AC$97,$AA$4:$AA$97,BD23,$D$4:$D$97,"<>"&"Pendiente",$AC$4:$AC$97,"<>"&"",$AD$4:$AD$97,"<>"&"")+SUMIFS($AD$4:$AD$97,$AF$4:$AF$97,BD23,$D$4:$D$97,"<>"&"Pendiente",$AC$4:$AC$97,"<>"&"",$AD$4:$AD$97,"<>"&"")} -> 0 | BK23: {=SUMIFS($AC$4:$AC$97,$AF$4:$AF$97,BD23,$D$4:$D$97,"<>"&"Pendiente",$AC$4:$AC$97,"<>"&"",$AD$4:$AD$97,"<>"&"")+SUMIFS($AD$4:$AD$97,$AA$4:$AA$97,BD23,$D$4:$D$97,"<>"&"Pendiente",$AC$4:$AC$97,"<>"&"",$AD$4:$AD$97,"<>"&"")} -> 10 | BL23: {=BJ23-BK23} -> -10 | BM23: {=DD23&BC23} -> 2E | BN23: {=DH23&BC23} -> 2E | BO23: {=IF(AND($AJ$99=144,BF23>=1),1,0)} -> 0 | BP23: 1 | BQ23: P.1 (4) | BR23: {=IF($BQ23="-","-",BE23)} -> 0 | BS23: 1 | BT23: P.1 (4) | BU23: {=IF($BT23="-","-",COUNTIFS($AA$4:$AA$97,$BD23,$D$4:$D$97,"Local",$F$4:$F$97,$BT23)+COUNTIFS($AF$4:$AF$97,$BD23,$D$4:$D$97,"Visitante",$E$4:$E$97,$BT23))} -> 0 | BV23: {=IF($BT23="-","-",COUNTIFS($AA$4:$AA$97,$BD23,$D$4:$D$97,"Empate",$F$4:$F$97,$BT23)+COUNTIFS($AF$4:$AF$97,$BD23,$D$4:$D$97,"Empate",$E$4:$E$97,$BT23))} -> 0 | BW23: {=IF($BT23="-","-",COUNTIFS($AA$4:$AA$97,$BD23,$D$4:$D$97,"Visitante",$F$4:$F$97,$BT23)+COUNTIFS($AF$4:$AF$97,$BD23,$D$4:$D$97,"Local",$E$4:$E$97,$BT23))} -> 3 | BX23: {=IF($BT23="-","-",BU23*3+BV23)} -> 0 | BY23: 1 | BZ23: P.1 (4) | CA23: {=IF($BZ23="-","-",SUMIFS($AC$4:$AC$97,$AA$4:$AA$97,$BD23,$I$4:$I$97,$BZ23)+SUMIFS($AD$4:$AD$97,$AF$4:$AF$97,$BD23,$H$4:$H$97,$BZ23))} -> 0 | CB23: {=IF($BZ23="-","-",SUMIFS($AD$4:$AD$97,$AA$4:$AA$97,$BD23,$I$4:$I$97,$BZ23)+SUMIFS($AC$4:$AC$97,$AF$4:$AF$97,$BD23,$H$4:$H$97,$BZ23))} -> 10 | CC23: {=IF($BZ23="-","-",CA23-CB23)} -> -10 | CD23: 1 | CE23: P.1 (4) | CF23: {=IF($CE23="-","-",SUMIFS($AC$4:$AC$97,$AA$4:$AA$97,$BD23,$L$4:$L$97,$CE23)+SUMIFS($AD$4:$AD$97,$AF$4:$AF$97,$BD23,$K$4:$K$97,$CE23))} -> 0 | CG23: 1 | CH23: P.1 (4) | CI23: {=IF($CH23="-","-",COUNTIFS($AA$4:$AA$97,$BD23,$D$4:$D$97,"Local",$O$4:$O$97,$CH23)+COUNTIFS($AF$4:$AF$97,$BD23,$D$4:$D$97,"Visitante",$N$4:$N$97,$CH23))} -> 0 | CJ23: {=IF($CH23="-","-",COUNTIFS($AA$4:$AA$97,$BD23,$D$4:$D$97,"Empate",$O$4:$O$97,$CH23)+COUNTIFS($AF$4:$AF$97,$BD23,$D$4:$D$97,"Empate",$N$4:$N$97,$CH23))} -> 0 | CK23: {=IF($CH23="-","-",COUNTIFS($AA$4:$AA$97,$BD23,$D$4:$D$97,"Visitante",$O$4:$O$97,$CH23)+COUNTIFS($AF$4:$AF$97,$BD23,$D$4:$D$97,"Local",$N$4:$N$97,$CH23))} -> 3 | CL23: {=IF($CH23="-","-",CI23*3+CJ23)} -> 0 | CM23: 1 | CN23: P.1 (4) | CO23: {=IF($CN23="-","-",SUMIFS($AC$4:$AC$97,$AA$4:$AA$97,$BD23,$R$4:$R$97,$CN23)+SUMIFS($AD$4:$AD$97,$AF$4:$AF$97,$BD23,$Q$4:$Q$97,$CN23))} -> 0 | CP23: {=IF($CN23="-","-",SUMIFS($AD$4:$AD$97,$AA$4:$AA$97,$BD23,$R$4:$R$97,$CN23)+SUMIFS($AC$4:$AC$97,$AF$4:$AF$97,$BD23,$Q$4:$Q$97,$CN23))} -> 10 | CQ23: {=IF($CN23="-","-",CO23-CP23)} -> -10 | CR23: 1 | CS23: P.1 (4) | CT23: {=IF($CS23="-","-",SUMIFS($AC$4:$AC$97,$AA$4:$AA$97,$BD23,$U$4:$U$97,$CS23)+SUMIFS($AD$4:$AD$97,$AF$4:$AF$97,$BD23,$T$4:$T$97,$CS23))} -> 0 | CU23: 1 | CV23: P.1 (4) | CW23: {=IF(CV23="-","-",BL23)} -> -10 | CX23: 1 | CY23: P.1 (4) | CZ23: {=IF(CY23="-","-",BJ23)} -> 0 | DA23: 1 | DB23: P.1 (4) | DC23: 2 | DD23: 2 | DF23: {=IF(OR(INDEX($AW$6:$AW$97,MATCH($BD23,$AV$6:$AV$97,0))="",DB23="-"),DD23,INDEX($AW$6:$AW$97,MATCH($BD23,$AV$6:$AV$97,0))+DD23/1000)} -> 2 | DG23: 1 | DH23: 2 | DJ23: {=INDEX($DA$6:$DA$53,MATCH($DQ23,$BD$6:$BD$53,0))} -> 1 | DK23: {=SUMIF($BC$6:$BC$53,BC23,$BF$6:$BF$53)} -> 12 | DL23: {=IF(OR(DK23=12,$AJ$99=144),COUNTIFS($DJ$6:$DJ$53,DJ23,$BC$6:$BC$53,BC23),1)} -> 4 | DM23: {=DJ23&"."&DL23} -> 1.4 | DN23: 1 | DP23: 2E | DQ23: {=INDEX($BD$6:$BD$53,MATCH(DP23,$BM$6:$BM$53,0))} -> Curazao
A24: Escocia | D24: {=IF(OR(AC24="",AD24=""),"Pendiente",IF(AC24>AD24,"Local",IF(AC24<AD24,"Visitante","Empate")))} -> Visitante | E24: {=IF(D24="Pendiente","-",INDEX($BT$6:$BT$53,MATCH($AA24,$BD$6:$BD$53,0)))} -> P.1 (4) | F24: {=IF(D24="Pendiente","-",INDEX($BT$6:$BT$53,MATCH($AF24,$BD$6:$BD$53,0)))} -> P.1 (4) | H24: {=IF(D24="Pendiente","-",INDEX($BZ$6:$BZ$53,MATCH($AA24,$BD$6:$BD$53,0)))} -> P.1 (4) | I24: {=IF(D24="Pendiente","-",INDEX($BZ$6:$BZ$53,MATCH($AF24,$BD$6:$BD$53,0)))} -> P.1 (4) | K24: {=IF(D24="Pendiente","-",INDEX($CE$6:$CE$53,MATCH($AA24,$BD$6:$BD$53,0)))} -> P.1 (4) | L24: {=IF(D24="Pendiente","-",INDEX($CE$6:$CE$53,MATCH($AF24,$BD$6:$BD$53,0)))} -> P.1 (4) | N24: {=IF(D24="Pendiente","-",INDEX($CH$6:$CH$53,MATCH($AA24,$BD$6:$BD$53,0)))} -> P.1 (4) | O24: {=IF(D24="Pendiente","-",INDEX($CH$6:$CH$53,MATCH($AF24,$BD$6:$BD$53,0)))} -> P.1 (4) | Q24: {=IF(D24="Pendiente","-",INDEX($CN$6:$CN$53,MATCH($AA24,$BD$6:$BD$53,0)))} -> P.1 (4) | R24: {=IF(D24="Pendiente","-",INDEX($CN$6:$CN$53,MATCH($AF24,$BD$6:$BD$53,0)))} -> P.1 (4) | T24: {=IF(D24="Pendiente","-",INDEX($CS$6:$CS$53,MATCH($AA24,$BD$6:$BD$53,0)))} -> P.1 (4) | U24: {=IF(D24="Pendiente","-",INDEX($CS$6:$CS$53,MATCH($AF24,$BD$6:$BD$53,0)))} -> P.1 (4) | X24: 46197.75 | Y24: 46197.75 | Z24: {=$Z$8} -> J3 | AA24: {=A24} -> Escocia | AC24: 1 | AD24: 3 | AF24: {=A21} -> Brasil | AG24: {=IF(NOT(OR(ISBLANK(AC24),ISBLANK(AD24))),1,0)} -> 1 | AH24: 49 | AI24: {=AJ24&$B$20} -> 3C | AJ24: 3 | AL24: {=IFERROR(INDEX($BD$6:$BD$53,MATCH(AI24,$BN$6:$BN$53,0)),"")} -> Haití | AM24: {=INDEX($BE$6:$BN$53,MATCH($AL24,$BD$6:$BD$53,0),MATCH(AM$5,$BE$5:$BN$5,0))} -> 0 | AN24: {=INDEX($BE$6:$BN$53,MATCH($AL24,$BD$6:$BD$53,0),MATCH(AN$5,$BE$5:$BN$5,0))} -> 3 | AO24: {=INDEX($BE$6:$BN$53,MATCH($AL24,$BD$6:$BD$53,0),MATCH(AO$5,$BE$5:$BN$5,0))} -> 0 | AP24: {=INDEX($BE$6:$BN$53,MATCH($AL24,$BD$6:$BD$53,0),MATCH(AP$5,$BE$5:$BN$5,0))} -> 0 | AQ24: {=INDEX($BE$6:$BN$53,MATCH($AL24,$BD$6:$BD$53,0),MATCH(AQ$5,$BE$5:$BN$5,0))} -> 3 | AR24: {=INDEX($BE$6:$BN$53,MATCH($AL24,$BD$6:$BD$53,0),MATCH(AR$5,$BE$5:$BN$5,0))} -> 1 | AS24: {=INDEX($BE$6:$BN$53,MATCH($AL24,$BD$6:$BD$53,0),MATCH(AS$5,$BE$5:$BN$5,0))} -> 11 | AT24: {=INDEX($BE$6:$BN$53,MATCH($AL24,$BD$6:$BD$53,0),MATCH(AT$5,$BE$5:$BN$5,0))} -> -10 | AU24: {=INDEX($DL$6:$DL$53,MATCH(AI24,$DP$6:$DP$53,0))} -> 4 | AV24: {=INDEX($BD$6:$BD$53,MATCH(AI24,$BM$6:$BM$53,0))} -> Haití | AY24: {=A23} -> Haití | BC24: E | BD24: Costa de Marfil | BE24: {=BG24*3+BH24+IF($AZ$3="No",0,INDEX($AZ$6:$AZ$97,MATCH(BD24,$AY$6:$AY$97,0)))} -> 3 | BF24: {=BG24+BH24+BI24} -> 3 | BG24: {=COUNTIFS($AA$4:$AA$97,BD24,$D$4:$D$97,"Local")+COUNTIFS($AF$4:$AF$97,BD24,$D$4:$D$97,"Visitante")} -> 1 | BH24: {=COUNTIFS($AA$4:$AA$97,BD24,$D$4:$D$97,"Empate")+COUNTIFS($AF$4:$AF$97,BD24,$D$4:$D$97,"Empate")} -> 0 | BI24: {=COUNTIFS($AF$4:$AF$97,BD24,$D$4:$D$97,"Local")+COUNTIFS($AA$4:$AA$97,BD24,$D$4:$D$97,"Visitante")} -> 2 | BJ24: {=SUMIFS($AC$4:$AC$97,$AA$4:$AA$97,BD24,$D$4:$D$97,"<>"&"Pendiente",$AC$4:$AC$97,"<>"&"",$AD$4:$AD$97,"<>"&"")+SUMIFS($AD$4:$AD$97,$AF$4:$AF$97,BD24,$D$4:$D$97,"<>"&"Pendiente",$AC$4:$AC$97,"<>"&"",$AD$4:$AD$97,"<>"&"")} -> 3 | BK24: {=SUMIFS($AC$4:$AC$97,$AF$4:$AF$97,BD24,$D$4:$D$97,"<>"&"Pendiente",$AC$4:$AC$97,"<>"&"",$AD$4:$AD$97,"<>"&"")+SUMIFS($AD$4:$AD$97,$AA$4:$AA$97,BD24,$D$4:$D$97,"<>"&"Pendiente",$AC$4:$AC$97,"<>"&"",$AD$4:$AD$97,"<>"&"")} -> 7 | BL24: {=BJ24-BK24} -> -4 | BM24: {=DD24&BC24} -> 3E | BN24: {=DH24&BC24} -> 3E | BO24: {=IF(AND($AJ$99=144,BF24>=1),1,0)} -> 0 | BP24: 1 | BQ24: P.1 (4) | BR24: {=IF($BQ24="-","-",BE24)} -> 3 | BS24: 1 | BT24: P.1 (4) | BU24: {=IF($BT24="-","-",COUNTIFS($AA$4:$AA$97,$BD24,$D$4:$D$97,"Local",$F$4:$F$97,$BT24)+COUNTIFS($AF$4:$AF$97,$BD24,$D$4:$D$97,"Visitante",$E$4:$E$97,$BT24))} -> 1 | BV24: {=IF($BT24="-","-",COUNTIFS($AA$4:$AA$97,$BD24,$D$4:$D$97,"Empate",$F$4:$F$97,$BT24)+COUNTIFS($AF$4:$AF$97,$BD24,$D$4:$D$97,"Empate",$E$4:$E$97,$BT24))} -> 0 | BW24: {=IF($BT24="-","-",COUNTIFS($AA$4:$AA$97,$BD24,$D$4:$D$97,"Visitante",$F$4:$F$97,$BT24)+COUNTIFS($AF$4:$AF$97,$BD24,$D$4:$D$97,"Local",$E$4:$E$97,$BT24))} -> 2 | BX24: {=IF($BT24="-","-",BU24*3+BV24)} -> 3 | BY24: 1 | BZ24: P.1 (4) | CA24: {=IF($BZ24="-","-",SUMIFS($AC$4:$AC$97,$AA$4:$AA$97,$BD24,$I$4:$I$97,$BZ24)+SUMIFS($AD$4:$AD$97,$AF$4:$AF$97,$BD24,$H$4:$H$97,$BZ24))} -> 3 | CB24: {=IF($BZ24="-","-",SUMIFS($AD$4:$AD$97,$AA$4:$AA$97,$BD24,$I$4:$I$97,$BZ24)+SUMIFS($AC$4:$AC$97,$AF$4:$AF$97,$BD24,$H$4:$H$97,$BZ24))} -> 7 | CC24: {=IF($BZ24="-","-",CA24-CB24)} -> -4 | CD24: 1 | CE24: P.1 (4) | CF24: {=IF($CE24="-","-",SUMIFS($AC$4:$AC$97,$AA$4:$AA$97,$BD24,$L$4:$L$97,$CE24)+SUMIFS($AD$4:$AD$97,$AF$4:$AF$97,$BD24,$K$4:$K$97,$CE24))} -> 3 | CG24: 1 | CH24: P.1 (4) | CI24: {=IF($CH24="-","-",COUNTIFS($AA$4:$AA$97,$BD24,$D$4:$D$97,"Local",$O$4:$O$97,$CH24)+COUNTIFS($AF$4:$AF$97,$BD24,$D$4:$D$97,"Visitante",$N$4:$N$97,$CH24))} -> 1 | CJ24: {=IF($CH24="-","-",COUNTIFS($AA$4:$AA$97,$BD24,$D$4:$D$97,"Empate",$O$4:$O$97,$CH24)+COUNTIFS($AF$4:$AF$97,$BD24,$D$4:$D$97,"Empate",$N$4:$N$97,$CH24))} -> 0 | CK24: {=IF($CH24="-","-",COUNTIFS($AA$4:$AA$97,$BD24,$D$4:$D$97,"Visitante",$O$4:$O$97,$CH24)+COUNTIFS($AF$4:$AF$97,$BD24,$D$4:$D$97,"Local",$N$4:$N$97,$CH24))} -> 2 | CL24: {=IF($CH24="-","-",CI24*3+CJ24)} -> 3 | CM24: 1 | CN24: P.1 (4) | CO24: {=IF($CN24="-","-",SUMIFS($AC$4:$AC$97,$AA$4:$AA$97,$BD24,$R$4:$R$97,$CN24)+SUMIFS($AD$4:$AD$97,$AF$4:$AF$97,$BD24,$Q$4:$Q$97,$CN24))} -> 3 | CP24: {=IF($CN24="-","-",SUMIFS($AD$4:$AD$97,$AA$4:$AA$97,$BD24,$R$4:$R$97,$CN24)+SUMIFS($AC$4:$AC$97,$AF$4:$AF$97,$BD24,$Q$4:$Q$97,$CN24))} -> 7 | CQ24: {=IF($CN24="-","-",CO24-CP24)} -> -4 | CR24: 1 | CS24: P.1 (4) | CT24: {=IF($CS24="-","-",SUMIFS($AC$4:$AC$97,$AA$4:$AA$97,$BD24,$U$4:$U$97,$CS24)+SUMIFS($AD$4:$AD$97,$AF$4:$AF$97,$BD24,$T$4:$T$97,$CS24))} -> 3 | CU24: 1 | CV24: P.1 (4) | CW24: {=IF(CV24="-","-",BL24)} -> -4 | CX24: 1 | CY24: P.1 (4) | CZ24: {=IF(CY24="-","-",BJ24)} -> 3 | DA24: 1 | DB24: P.1 (4) | DC24: 3 | DD24: 3 | DF24: {=IF(OR(INDEX($AW$6:$AW$97,MATCH($BD24,$AV$6:$AV$97,0))="",DB24="-"),DD24,INDEX($AW$6:$AW$97,MATCH($BD24,$AV$6:$AV$97,0))+DD24/1000)} -> 3 | DG24: 2 | DH24: 3 | DJ24: {=INDEX($DA$6:$DA$53,MATCH($DQ24,$BD$6:$BD$53,0))} -> 1 | DK24: {=SUMIF($BC$6:$BC$53,BC24,$BF$6:$BF$53)} -> 12 | DL24: {=IF(OR(DK24=12,$AJ$99=144),COUNTIFS($DJ$6:$DJ$53,DJ24,$BC$6:$BC$53,BC24),1)} -> 4 | DM24: {=DJ24&"."&DL24} -> 1.4 | DN24: 1 | DP24: 3E | DQ24: {=INDEX($BD$6:$BD$53,MATCH(DP24,$BM$6:$BM$53,0))} -> Costa de Marfil
D25: {=IF(OR(AC25="",AD25=""),"Pendiente",IF(AC25>AD25,"Local",IF(AC25<AD25,"Visitante","Empate")))} -> Local | E25: {=IF(D25="Pendiente","-",INDEX($BT$6:$BT$53,MATCH($AA25,$BD$6:$BD$53,0)))} -> P.1 (4) | F25: {=IF(D25="Pendiente","-",INDEX($BT$6:$BT$53,MATCH($AF25,$BD$6:$BD$53,0)))} -> P.1 (4) | H25: {=IF(D25="Pendiente","-",INDEX($BZ$6:$BZ$53,MATCH($AA25,$BD$6:$BD$53,0)))} -> P.1 (4) | I25: {=IF(D25="Pendiente","-",INDEX($BZ$6:$BZ$53,MATCH($AF25,$BD$6:$BD$53,0)))} -> P.1 (4) | K25: {=IF(D25="Pendiente","-",INDEX($CE$6:$CE$53,MATCH($AA25,$BD$6:$BD$53,0)))} -> P.1 (4) | L25: {=IF(D25="Pendiente","-",INDEX($CE$6:$CE$53,MATCH($AF25,$BD$6:$BD$53,0)))} -> P.1 (4) | N25: {=IF(D25="Pendiente","-",INDEX($CH$6:$CH$53,MATCH($AA25,$BD$6:$BD$53,0)))} -> P.1 (4) | O25: {=IF(D25="Pendiente","-",INDEX($CH$6:$CH$53,MATCH($AF25,$BD$6:$BD$53,0)))} -> P.1 (4) | Q25: {=IF(D25="Pendiente","-",INDEX($CN$6:$CN$53,MATCH($AA25,$BD$6:$BD$53,0)))} -> P.1 (4) | R25: {=IF(D25="Pendiente","-",INDEX($CN$6:$CN$53,MATCH($AF25,$BD$6:$BD$53,0)))} -> P.1 (4) | T25: {=IF(D25="Pendiente","-",INDEX($CS$6:$CS$53,MATCH($AA25,$BD$6:$BD$53,0)))} -> P.1 (4) | U25: {=IF(D25="Pendiente","-",INDEX($CS$6:$CS$53,MATCH($AF25,$BD$6:$BD$53,0)))} -> P.1 (4) | X25: 46197.75 | Y25: 46197.75 | Z25: {=$Z$8} -> J3 | AA25: {=A22} -> Marruecos | AC25: 4 | AD25: 0 | AF25: {=A23} -> Haití | AG25: {=IF(NOT(OR(ISBLANK(AC25),ISBLANK(AD25))),1,0)} -> 1 | AH25: 50 | AI25: {=AJ25&$B$20} -> 4C | AJ25: 4 | AL25: {=IFERROR(INDEX($BD$6:$BD$53,MATCH(AI25,$BN$6:$BN$53,0)),"")} -> Escocia | AM25: {=INDEX($BE$6:$BN$53,MATCH($AL25,$BD$6:$BD$53,0),MATCH(AM$5,$BE$5:$BN$5,0))} -> 3 | AN25: {=INDEX($BE$6:$BN$53,MATCH($AL25,$BD$6:$BD$53,0),MATCH(AN$5,$BE$5:$BN$5,0))} -> 3 | AO25: {=INDEX($BE$6:$BN$53,MATCH($AL25,$BD$6:$BD$53,0),MATCH(AO$5,$BE$5:$BN$5,0))} -> 1 | AP25: {=INDEX($BE$6:$BN$53,MATCH($AL25,$BD$6:$BD$53,0),MATCH(AP$5,$BE$5:$BN$5,0))} -> 0 | AQ25: {=INDEX($BE$6:$BN$53,MATCH($AL25,$BD$6:$BD$53,0),MATCH(AQ$5,$BE$5:$BN$5,0))} -> 2 | AR25: {=INDEX($BE$6:$BN$53,MATCH($AL25,$BD$6:$BD$53,0),MATCH(AR$5,$BE$5:$BN$5,0))} -> 3 | AS25: {=INDEX($BE$6:$BN$53,MATCH($AL25,$BD$6:$BD$53,0),MATCH(AS$5,$BE$5:$BN$5,0))} -> 7 | AT25: {=INDEX($BE$6:$BN$53,MATCH($AL25,$BD$6:$BD$53,0),MATCH(AT$5,$BE$5:$BN$5,0))} -> -4 | AU25: {=INDEX($DL$6:$DL$53,MATCH(AI25,$DP$6:$DP$53,0))} -> 4 | AV25: {=INDEX($BD$6:$BD$53,MATCH(AI25,$BM$6:$BM$53,0))} -> Escocia | AY25: {=A24} -> Escocia | BC25: E | BD25: Ecuador | BE25: {=BG25*3+BH25+IF($AZ$3="No",0,INDEX($AZ$6:$AZ$97,MATCH(BD25,$AY$6:$AY$97,0)))} -> 6 | BF25: {=BG25+BH25+BI25} -> 3 | BG25: {=COUNTIFS($AA$4:$AA$97,BD25,$D$4:$D$97,"Local")+COUNTIFS($AF$4:$AF$97,BD25,$D$4:$D$97,"Visitante")} -> 2 | BH25: {=COUNTIFS($AA$4:$AA$97,BD25,$D$4:$D$97,"Empate")+COUNTIFS($AF$4:$AF$97,BD25,$D$4:$D$97,"Empate")} -> 0 | BI25: {=COUNTIFS($AF$4:$AF$97,BD25,$D$4:$D$97,"Local")+COUNTIFS($AA$4:$AA$97,BD25,$D$4:$D$97,"Visitante")} -> 1 | BJ25: {=SUMIFS($AC$4:$AC$97,$AA$4:$AA$97,BD25,$D$4:$D$97,"<>"&"Pendiente",$AC$4:$AC$97,"<>"&"",$AD$4:$AD$97,"<>"&"")+SUMIFS($AD$4:$AD$97,$AF$4:$AF$97,BD25,$D$4:$D$97,"<>"&"Pendiente",$AC$4:$AC$97,"<>"&"",$AD$4:$AD$97,"<>"&"")} -> 8 | BK25: {=SUMIFS($AC$4:$AC$97,$AF$4:$AF$97,BD25,$D$4:$D$97,"<>"&"Pendiente",$AC$4:$AC$97,"<>"&"",$AD$4:$AD$97,"<>"&"")+SUMIFS($AD$4:$AD$97,$AA$4:$AA$97,BD25,$D$4:$D$97,"<>"&"Pendiente",$AC$4:$AC$97,"<>"&"",$AD$4:$AD$97,"<>"&"")} -> 2 | BL25: {=BJ25-BK25} -> 6 | BM25: {=DD25&BC25} -> 4E | BN25: {=DH25&BC25} -> 4E | BO25: {=IF(AND($AJ$99=144,BF25>=1),1,0)} -> 0 | BP25: 1 | BQ25: P.1 (4) | BR25: {=IF($BQ25="-","-",BE25)} -> 6 | BS25: 1 | BT25: P.1 (4) | BU25: {=IF($BT25="-","-",COUNTIFS($AA$4:$AA$97,$BD25,$D$4:$D$97,"Local",$F$4:$F$97,$BT25)+COUNTIFS($AF$4:$AF$97,$BD25,$D$4:$D$97,"Visitante",$E$4:$E$97,$BT25))} -> 2 | BV25: {=IF($BT25="-","-",COUNTIFS($AA$4:$AA$97,$BD25,$D$4:$D$97,"Empate",$F$4:$F$97,$BT25)+COUNTIFS($AF$4:$AF$97,$BD25,$D$4:$D$97,"Empate",$E$4:$E$97,$BT25))} -> 0 | BW25: {=IF($BT25="-","-",COUNTIFS($AA$4:$AA$97,$BD25,$D$4:$D$97,"Visitante",$F$4:$F$97,$BT25)+COUNTIFS($AF$4:$AF$97,$BD25,$D$4:$D$97,"Local",$E$4:$E$97,$BT25))} -> 1 | BX25: {=IF($BT25="-","-",BU25*3+BV25)} -> 6 | BY25: 1 | BZ25: P.1 (4) | CA25: {=IF($BZ25="-","-",SUMIFS($AC$4:$AC$97,$AA$4:$AA$97,$BD25,$I$4:$I$97,$BZ25)+SUMIFS($AD$4:$AD$97,$AF$4:$AF$97,$BD25,$H$4:$H$97,$BZ25))} -> 8 | CB25: {=IF($BZ25="-","-",SUMIFS($AD$4:$AD$97,$AA$4:$AA$97,$BD25,$I$4:$I$97,$BZ25)+SUMIFS($AC$4:$AC$97,$AF$4:$AF$97,$BD25,$H$4:$H$97,$BZ25))} -> 2 | CC25: {=IF($BZ25="-","-",CA25-CB25)} -> 6 | CD25: 1 | CE25: P.1 (4) | CF25: {=IF($CE25="-","-",SUMIFS($AC$4:$AC$97,$AA$4:$AA$97,$BD25,$L$4:$L$97,$CE25)+SUMIFS($AD$4:$AD$97,$AF$4:$AF$97,$BD25,$K$4:$K$97,$CE25))} -> 8 | CG25: 1 | CH25: P.1 (4) | CI25: {=IF($CH25="-","-",COUNTIFS($AA$4:$AA$97,$BD25,$D$4:$D$97,"Local",$O$4:$O$97,$CH25)+COUNTIFS($AF$4:$AF$97,$BD25,$D$4:$D$97,"Visitante",$N$4:$N$97,$CH25))} -> 2 | CJ25: {=IF($CH25="-","-",COUNTIFS($AA$4:$AA$97,$BD25,$D$4:$D$97,"Empate",$O$4:$O$97,$CH25)+COUNTIFS($AF$4:$AF$97,$BD25,$D$4:$D$97,"Empate",$N$4:$N$97,$CH25))} -> 0 | CK25: {=IF($CH25="-","-",COUNTIFS($AA$4:$AA$97,$BD25,$D$4:$D$97,"Visitante",$O$4:$O$97,$CH25)+COUNTIFS($AF$4:$AF$97,$BD25,$D$4:$D$97,"Local",$N$4:$N$97,$CH25))} -> 1 | CL25: {=IF($CH25="-","-",CI25*3+CJ25)} -> 6 | CM25: 1 | CN25: P.1 (4) | CO25: {=IF($CN25="-","-",SUMIFS($AC$4:$AC$97,$AA$4:$AA$97,$BD25,$R$4:$R$97,$CN25)+SUMIFS($AD$4:$AD$97,$AF$4:$AF$97,$BD25,$Q$4:$Q$97,$CN25))} -> 8 | CP25: {=IF($CN25="-","-",SUMIFS($AD$4:$AD$97,$AA$4:$AA$97,$BD25,$R$4:$R$97,$CN25)+SUMIFS($AC$4:$AC$97,$AF$4:$AF$97,$BD25,$Q$4:$Q$97,$CN25))} -> 2 | CQ25: {=IF($CN25="-","-",CO25-CP25)} -> 6 | CR25: 1 | CS25: P.1 (4) | CT25: {=IF($CS25="-","-",SUMIFS($AC$4:$AC$97,$AA$4:$AA$97,$BD25,$U$4:$U$97,$CS25)+SUMIFS($AD$4:$AD$97,$AF$4:$AF$97,$BD25,$T$4:$T$97,$CS25))} -> 8 | CU25: 1 | CV25: P.1 (4) | CW25: {=IF(CV25="-","-",BL25)} -> 6 | CX25: 1 | CY25: P.1 (4) | CZ25: {=IF(CY25="-","-",BJ25)} -> 8 | DA25: 1 | DB25: P.1 (4) | DC25: 4 | DD25: 4 | DF25: {=IF(OR(INDEX($AW$6:$AW$97,MATCH($BD25,$AV$6:$AV$97,0))="",DB25="-"),DD25,INDEX($AW$6:$AW$97,MATCH($BD25,$AV$6:$AV$97,0))+DD25/1000)} -> 4 | DG25: 3 | DH25: 4 | DJ25: {=INDEX($DA$6:$DA$53,MATCH($DQ25,$BD$6:$BD$53,0))} -> 1 | DK25: {=SUMIF($BC$6:$BC$53,BC25,$BF$6:$BF$53)} -> 12 | DL25: {=IF(OR(DK25=12,$AJ$99=144),COUNTIFS($DJ$6:$DJ$53,DJ25,$BC$6:$BC$53,BC25),1)} -> 4 | DM25: {=DJ25&"."&DL25} -> 1.4 | DN25: 1 | DP25: 4E | DQ25: {=INDEX($BD$6:$BD$53,MATCH(DP25,$BM$6:$BM$53,0))} -> Ecuador
BC26: F | BD26: Países Bajos | BE26: {=BG26*3+BH26+IF($AZ$3="No",0,INDEX($AZ$6:$AZ$97,MATCH(BD26,$AY$6:$AY$97,0)))} -> 9 | BF26: {=BG26+BH26+BI26} -> 3 | BG26: {=COUNTIFS($AA$4:$AA$97,BD26,$D$4:$D$97,"Local")+COUNTIFS($AF$4:$AF$97,BD26,$D$4:$D$97,"Visitante")} -> 3 | BH26: {=COUNTIFS($AA$4:$AA$97,BD26,$D$4:$D$97,"Empate")+COUNTIFS($AF$4:$AF$97,BD26,$D$4:$D$97,"Empate")} -> 0 | BI26: {=COUNTIFS($AF$4:$AF$97,BD26,$D$4:$D$97,"Local")+COUNTIFS($AA$4:$AA$97,BD26,$D$4:$D$97,"Visitante")} -> 0 | BJ26: {=SUMIFS($AC$4:$AC$97,$AA$4:$AA$97,BD26,$D$4:$D$97,"<>"&"Pendiente",$AC$4:$AC$97,"<>"&"",$AD$4:$AD$97,"<>"&"")+SUMIFS($AD$4:$AD$97,$AF$4:$AF$97,BD26,$D$4:$D$97,"<>"&"Pendiente",$AC$4:$AC$97,"<>"&"",$AD$4:$AD$97,"<>"&"")} -> 9 | BK26: {=SUMIFS($AC$4:$AC$97,$AF$4:$AF$97,BD26,$D$4:$D$97,"<>"&"Pendiente",$AC$4:$AC$97,"<>"&"",$AD$4:$AD$97,"<>"&"")+SUMIFS($AD$4:$AD$97,$AA$4:$AA$97,BD26,$D$4:$D$97,"<>"&"Pendiente",$AC$4:$AC$97,"<>"&"",$AD$4:$AD$97,"<>"&"")} -> 2 | BL26: {=BJ26-BK26} -> 7 | BM26: {=DD26&BC26} -> 1F | BN26: {=DH26&BC26} -> 1F | BO26: {=IF(AND($AJ$99=144,BF26>=1),1,0)} -> 0 | BP26: 1 | BQ26: P.1 (4) | BR26: {=IF($BQ26="-","-",BE26)} -> 9 | BS26: 1 | BT26: P.1 (4) | BU26: {=IF($BT26="-","-",COUNTIFS($AA$4:$AA$97,$BD26,$D$4:$D$97,"Local",$F$4:$F$97,$BT26)+COUNTIFS($AF$4:$AF$97,$BD26,$D$4:$D$97,"Visitante",$E$4:$E$97,$BT26))} -> 3 | BV26: {=IF($BT26="-","-",COUNTIFS($AA$4:$AA$97,$BD26,$D$4:$D$97,"Empate",$F$4:$F$97,$BT26)+COUNTIFS($AF$4:$AF$97,$BD26,$D$4:$D$97,"Empate",$E$4:$E$97,$BT26))} -> 0 | BW26: {=IF($BT26="-","-",COUNTIFS($AA$4:$AA$97,$BD26,$D$4:$D$97,"Visitante",$F$4:$F$97,$BT26)+COUNTIFS($AF$4:$AF$97,$BD26,$D$4:$D$97,"Local",$E$4:$E$97,$BT26))} -> 0 | BX26: {=IF($BT26="-","-",BU26*3+BV26)} -> 9 | BY26: 1 | BZ26: P.1 (4) | CA26: {=IF($BZ26="-","-",SUMIFS($AC$4:$AC$97,$AA$4:$AA$97,$BD26,$I$4:$I$97,$BZ26)+SUMIFS($AD$4:$AD$97,$AF$4:$AF$97,$BD26,$H$4:$H$97,$BZ26))} -> 9 | CB26: {=IF($BZ26="-","-",SUMIFS($AD$4:$AD$97,$AA$4:$AA$97,$BD26,$I$4:$I$97,$BZ26)+SUMIFS($AC$4:$AC$97,$AF$4:$AF$97,$BD26,$H$4:$H$97,$BZ26))} -> 2 | CC26: {=IF($BZ26="-","-",CA26-CB26)} -> 7 | CD26: 1 | CE26: P.1 (4) | CF26: {=IF($CE26="-","-",SUMIFS($AC$4:$AC$97,$AA$4:$AA$97,$BD26,$L$4:$L$97,$CE26)+SUMIFS($AD$4:$AD$97,$AF$4:$AF$97,$BD26,$K$4:$K$97,$CE26))} -> 9 | CG26: 1 | CH26: P.1 (4) | CI26: {=IF($CH26="-","-",COUNTIFS($AA$4:$AA$97,$BD26,$D$4:$D$97,"Local",$O$4:$O$97,$CH26)+COUNTIFS($AF$4:$AF$97,$BD26,$D$4:$D$97,"Visitante",$N$4:$N$97,$CH26))} -> 3 | CJ26: {=IF($CH26="-","-",COUNTIFS($AA$4:$AA$97,$BD26,$D$4:$D$97,"Empate",$O$4:$O$97,$CH26)+COUNTIFS($AF$4:$AF$97,$BD26,$D$4:$D$97,"Empate",$N$4:$N$97,$CH26))} -> 0 | CK26: {=IF($CH26="-","-",COUNTIFS($AA$4:$AA$97,$BD26,$D$4:$D$97,"Visitante",$O$4:$O$97,$CH26)+COUNTIFS($AF$4:$AF$97,$BD26,$D$4:$D$97,"Local",$N$4:$N$97,$CH26))} -> 0 | CL26: {=IF($CH26="-","-",CI26*3+CJ26)} -> 9 | CM26: 1 | CN26: P.1 (4) | CO26: {=IF($CN26="-","-",SUMIFS($AC$4:$AC$97,$AA$4:$AA$97,$BD26,$R$4:$R$97,$CN26)+SUMIFS($AD$4:$AD$97,$AF$4:$AF$97,$BD26,$Q$4:$Q$97,$CN26))} -> 9 | CP26: {=IF($CN26="-","-",SUMIFS($AD$4:$AD$97,$AA$4:$AA$97,$BD26,$R$4:$R$97,$CN26)+SUMIFS($AC$4:$AC$97,$AF$4:$AF$97,$BD26,$Q$4:$Q$97,$CN26))} -> 2 | CQ26: {=IF($CN26="-","-",CO26-CP26)} -> 7 | CR26: 1 | CS26: P.1 (4) | CT26: {=IF($CS26="-","-",SUMIFS($AC$4:$AC$97,$AA$4:$AA$97,$BD26,$U$4:$U$97,$CS26)+SUMIFS($AD$4:$AD$97,$AF$4:$AF$97,$BD26,$T$4:$T$97,$CS26))} -> 9 | CU26: 1 | CV26: P.1 (4) | CW26: {=IF(CV26="-","-",BL26)} -> 7 | CX26: 1 | CY26: P.1 (4) | CZ26: {=IF(CY26="-","-",BJ26)} -> 9 | DA26: 1 | DB26: P.1 (4) | DC26: 1 | DD26: 1 | DF26: {=IF(OR(INDEX($AW$6:$AW$97,MATCH($BD26,$AV$6:$AV$97,0))="",DB26="-"),DD26,INDEX($AW$6:$AW$97,MATCH($BD26,$AV$6:$AV$97,0))+DD26/1000)} -> 1 | DG26: 0 | DH26: 1 | DJ26: {=INDEX($DA$6:$DA$53,MATCH($DQ26,$BD$6:$BD$53,0))} -> 1 | DK26: {=SUMIF($BC$6:$BC$53,BC26,$BF$6:$BF$53)} -> 12 | DL26: {=IF(OR(DK26=12,$AJ$99=144),COUNTIFS($DJ$6:$DJ$53,DJ26,$BC$6:$BC$53,BC26),1)} -> 4 | DM26: {=DJ26&"."&DL26} -> 1.4 | DN26: 1 | DP26: 1F | DQ26: {=INDEX($BD$6:$BD$53,MATCH(DP26,$BM$6:$BM$53,0))} -> Países Bajos
X27: {=X11} -> Fecha | Y27: {=Y11} -> Hora | Z27: {=Z11} -> Jor. | AA27: {=AA11} -> Casa | AC27: {=AC3} -> Gol | AD27: {=AD3} -> Gol | AF27: {=AF11} -> Fuera | BC27: F | BD27: Japón | BE27: {=BG27*3+BH27+IF($AZ$3="No",0,INDEX($AZ$6:$AZ$97,MATCH(BD27,$AY$6:$AY$97,0)))} -> 6 | BF27: {=BG27+BH27+BI27} -> 3 | BG27: {=COUNTIFS($AA$4:$AA$97,BD27,$D$4:$D$97,"Local")+COUNTIFS($AF$4:$AF$97,BD27,$D$4:$D$97,"Visitante")} -> 2 | BH27: {=COUNTIFS($AA$4:$AA$97,BD27,$D$4:$D$97,"Empate")+COUNTIFS($AF$4:$AF$97,BD27,$D$4:$D$97,"Empate")} -> 0 | BI27: {=COUNTIFS($AF$4:$AF$97,BD27,$D$4:$D$97,"Local")+COUNTIFS($AA$4:$AA$97,BD27,$D$4:$D$97,"Visitante")} -> 1 | BJ27: {=SUMIFS($AC$4:$AC$97,$AA$4:$AA$97,BD27,$D$4:$D$97,"<>"&"Pendiente",$AC$4:$AC$97,"<>"&"",$AD$4:$AD$97,"<>"&"")+SUMIFS($AD$4:$AD$97,$AF$4:$AF$97,BD27,$D$4:$D$97,"<>"&"Pendiente",$AC$4:$AC$97,"<>"&"",$AD$4:$AD$97,"<>"&"")} -> 6 | BK27: {=SUMIFS($AC$4:$AC$97,$AF$4:$AF$97,BD27,$D$4:$D$97,"<>"&"Pendiente",$AC$4:$AC$97,"<>"&"",$AD$4:$AD$97,"<>"&"")+SUMIFS($AD$4:$AD$97,$AA$4:$AA$97,BD27,$D$4:$D$97,"<>"&"Pendiente",$AC$4:$AC$97,"<>"&"",$AD$4:$AD$97,"<>"&"")} -> 4 | BL27: {=BJ27-BK27} -> 2 | BM27: {=DD27&BC27} -> 2F | BN27: {=DH27&BC27} -> 2F | BO27: {=IF(AND($AJ$99=144,BF27>=1),1,0)} -> 0 | BP27: 1 | BQ27: P.1 (4) | BR27: {=IF($BQ27="-","-",BE27)} -> 6 | BS27: 1 | BT27: P.1 (4) | BU27: {=IF($BT27="-","-",COUNTIFS($AA$4:$AA$97,$BD27,$D$4:$D$97,"Local",$F$4:$F$97,$BT27)+COUNTIFS($AF$4:$AF$97,$BD27,$D$4:$D$97,"Visitante",$E$4:$E$97,$BT27))} -> 2 | BV27: {=IF($BT27="-","-",COUNTIFS($AA$4:$AA$97,$BD27,$D$4:$D$97,"Empate",$F$4:$F$97,$BT27)+COUNTIFS($AF$4:$AF$97,$BD27,$D$4:$D$97,"Empate",$E$4:$E$97,$BT27))} -> 0 | BW27: {=IF($BT27="-","-",COUNTIFS($AA$4:$AA$97,$BD27,$D$4:$D$97,"Visitante",$F$4:$F$97,$BT27)+COUNTIFS($AF$4:$AF$97,$BD27,$D$4:$D$97,"Local",$E$4:$E$97,$BT27))} -> 1 | BX27: {=IF($BT27="-","-",BU27*3+BV27)} -> 6 | BY27: 1 | BZ27: P.1 (4) | CA27: {=IF($BZ27="-","-",SUMIFS($AC$4:$AC$97,$AA$4:$AA$97,$BD27,$I$4:$I$97,$BZ27)+SUMIFS($AD$4:$AD$97,$AF$4:$AF$97,$BD27,$H$4:$H$97,$BZ27))} -> 6 | CB27: {=IF($BZ27="-","-",SUMIFS($AD$4:$AD$97,$AA$4:$AA$97,$BD27,$I$4:$I$97,$BZ27)+SUMIFS($AC$4:$AC$97,$AF$4:$AF$97,$BD27,$H$4:$H$97,$BZ27))} -> 4 | CC27: {=IF($BZ27="-","-",CA27-CB27)} -> 2 | CD27: 1 | CE27: P.1 (4) | CF27: {=IF($CE27="-","-",SUMIFS($AC$4:$AC$97,$AA$4:$AA$97,$BD27,$L$4:$L$97,$CE27)+SUMIFS($AD$4:$AD$97,$AF$4:$AF$97,$BD27,$K$4:$K$97,$CE27))} -> 6 | CG27: 1 | CH27: P.1 (4) | CI27: {=IF($CH27="-","-",COUNTIFS($AA$4:$AA$97,$BD27,$D$4:$D$97,"Local",$O$4:$O$97,$CH27)+COUNTIFS($AF$4:$AF$97,$BD27,$D$4:$D$97,"Visitante",$N$4:$N$97,$CH27))} -> 2 | CJ27: {=IF($CH27="-","-",COUNTIFS($AA$4:$AA$97,$BD27,$D$4:$D$97,"Empate",$O$4:$O$97,$CH27)+COUNTIFS($AF$4:$AF$97,$BD27,$D$4:$D$97,"Empate",$N$4:$N$97,$CH27))} -> 0 | CK27: {=IF($CH27="-","-",COUNTIFS($AA$4:$AA$97,$BD27,$D$4:$D$97,"Visitante",$O$4:$O$97,$CH27)+COUNTIFS($AF$4:$AF$97,$BD27,$D$4:$D$97,"Local",$N$4:$N$97,$CH27))} -> 1 | CL27: {=IF($CH27="-","-",CI27*3+CJ27)} -> 6 | CM27: 1 | CN27: P.1 (4) | CO27: {=IF($CN27="-","-",SUMIFS($AC$4:$AC$97,$AA$4:$AA$97,$BD27,$R$4:$R$97,$CN27)+SUMIFS($AD$4:$AD$97,$AF$4:$AF$97,$BD27,$Q$4:$Q$97,$CN27))} -> 6 | CP27: {=IF($CN27="-","-",SUMIFS($AD$4:$AD$97,$AA$4:$AA$97,$BD27,$R$4:$R$97,$CN27)+SUMIFS($AC$4:$AC$97,$AF$4:$AF$97,$BD27,$Q$4:$Q$97,$CN27))} -> 4 | CQ27: {=IF($CN27="-","-",CO27-CP27)} -> 2 | CR27: 1 | CS27: P.1 (4) | CT27: {=IF($CS27="-","-",SUMIFS($AC$4:$AC$97,$AA$4:$AA$97,$BD27,$U$4:$U$97,$CS27)+SUMIFS($AD$4:$AD$97,$AF$4:$AF$97,$BD27,$T$4:$T$97,$CS27))} -> 6 | CU27: 1 | CV27: P.1 (4) | CW27: {=IF(CV27="-","-",BL27)} -> 2 | CX27: 1 | CY27: P.1 (4) | CZ27: {=IF(CY27="-","-",BJ27)} -> 6 | DA27: 1 | DB27: P.1 (4) | DC27: 2 | DD27: 2 | DF27: {=IF(OR(INDEX($AW$6:$AW$97,MATCH($BD27,$AV$6:$AV$97,0))="",DB27="-"),DD27,INDEX($AW$6:$AW$97,MATCH($BD27,$AV$6:$AV$97,0))+DD27/1000)} -> 2 | DG27: 1 | DH27: 2 | DJ27: {=INDEX($DA$6:$DA$53,MATCH($DQ27,$BD$6:$BD$53,0))} -> 1 | DK27: {=SUMIF($BC$6:$BC$53,BC27,$BF$6:$BF$53)} -> 12 | DL27: {=IF(OR(DK27=12,$AJ$99=144),COUNTIFS($DJ$6:$DJ$53,DJ27,$BC$6:$BC$53,BC27),1)} -> 4 | DM27: {=DJ27&"."&DL27} -> 1.4 | DN27: 1 | DP27: 2F | DQ27: {=INDEX($BD$6:$BD$53,MATCH(DP27,$BM$6:$BM$53,0))} -> Japón
A28: NombreEquipo | B28: D | C28: 4 | D28: {=IF(OR(AC28="",AD28=""),"Pendiente",IF(AC28>AD28,"Local",IF(AC28<AD28,"Visitante","Empate")))} -> Visitante | E28: {=IF(D28="Pendiente","-",INDEX($BT$6:$BT$53,MATCH($AA28,$BD$6:$BD$53,0)))} -> P.1 (4) | F28: {=IF(D28="Pendiente","-",INDEX($BT$6:$BT$53,MATCH($AF28,$BD$6:$BD$53,0)))} -> P.1 (4) | H28: {=IF(D28="Pendiente","-",INDEX($BZ$6:$BZ$53,MATCH($AA28,$BD$6:$BD$53,0)))} -> P.1 (4) | I28: {=IF(D28="Pendiente","-",INDEX($BZ$6:$BZ$53,MATCH($AF28,$BD$6:$BD$53,0)))} -> P.1 (4) | K28: {=IF(D28="Pendiente","-",INDEX($CE$6:$CE$53,MATCH($AA28,$BD$6:$BD$53,0)))} -> P.1 (4) | L28: {=IF(D28="Pendiente","-",INDEX($CE$6:$CE$53,MATCH($AF28,$BD$6:$BD$53,0)))} -> P.1 (4) | N28: {=IF(D28="Pendiente","-",INDEX($CH$6:$CH$53,MATCH($AA28,$BD$6:$BD$53,0)))} -> P.1 (4) | O28: {=IF(D28="Pendiente","-",INDEX($CH$6:$CH$53,MATCH($AF28,$BD$6:$BD$53,0)))} -> P.1 (4) | Q28: {=IF(D28="Pendiente","-",INDEX($CN$6:$CN$53,MATCH($AA28,$BD$6:$BD$53,0)))} -> P.1 (4) | R28: {=IF(D28="Pendiente","-",INDEX($CN$6:$CN$53,MATCH($AF28,$BD$6:$BD$53,0)))} -> P.1 (4) | T28: {=IF(D28="Pendiente","-",INDEX($CS$6:$CS$53,MATCH($AA28,$BD$6:$BD$53,0)))} -> P.1 (4) | U28: {=IF(D28="Pendiente","-",INDEX($CS$6:$CS$53,MATCH($AF28,$BD$6:$BD$53,0)))} -> P.1 (4) | W28: D | X28: 46185.875 | Y28: 46185.875 | Z28: {=$Z$4} -> J1 | AA28: {=A29} -> Estados Unidos | AC28: 1 | AD28: 2 | AF28: {=A30} -> Paraguay | AG28: {=IF(NOT(OR(ISBLANK(AC28),ISBLANK(AD28))),1,0)} -> 1 | AH28: 4 | AJ28: {=CONCATENATE(AJ3," ",B28)} -> Grupo D | AV28: {=IF(AU29>0,$AV$3,"")} -> ¡EMPATE! Puedes seleccionar el orden de los empatados. | BC28: F | BD28: Suecia | BE28: {=BG28*3+BH28+IF($AZ$3="No",0,INDEX($AZ$6:$AZ$97,MATCH(BD28,$AY$6:$AY$97,0)))} -> 3 | BF28: {=BG28+BH28+BI28} -> 3 | BG28: {=COUNTIFS($AA$4:$AA$97,BD28,$D$4:$D$97,"Local")+COUNTIFS($AF$4:$AF$97,BD28,$D$4:$D$97,"Visitante")} -> 1 | BH28: {=COUNTIFS($AA$4:$AA$97,BD28,$D$4:$D$97,"Empate")+COUNTIFS($AF$4:$AF$97,BD28,$D$4:$D$97,"Empate")} -> 0 | BI28: {=COUNTIFS($AF$4:$AF$97,BD28,$D$4:$D$97,"Local")+COUNTIFS($AA$4:$AA$97,BD28,$D$4:$D$97,"Visitante")} -> 2 | BJ28: {=SUMIFS($AC$4:$AC$97,$AA$4:$AA$97,BD28,$D$4:$D$97,"<>"&"Pendiente",$AC$4:$AC$97,"<>"&"",$AD$4:$AD$97,"<>"&"")+SUMIFS($AD$4:$AD$97,$AF$4:$AF$97,BD28,$D$4:$D$97,"<>"&"Pendiente",$AC$4:$AC$97,"<>"&"",$AD$4:$AD$97,"<>"&"")} -> 6 | BK28: {=SUMIFS($AC$4:$AC$97,$AF$4:$AF$97,BD28,$D$4:$D$97,"<>"&"Pendiente",$AC$4:$AC$97,"<>"&"",$AD$4:$AD$97,"<>"&"")+SUMIFS($AD$4:$AD$97,$AA$4:$AA$97,BD28,$D$4:$D$97,"<>"&"Pendiente",$AC$4:$AC$97,"<>"&"",$AD$4:$AD$97,"<>"&"")} -> 4 | BL28: {=BJ28-BK28} -> 2 | BM28: {=DD28&BC28} -> 3F | BN28: {=DH28&BC28} -> 3F | BO28: {=IF(AND($AJ$99=144,BF28>=1),1,0)} -> 0 | BP28: 1 | BQ28: P.1 (4) | BR28: {=IF($BQ28="-","-",BE28)} -> 3 | BS28: 1 | BT28: P.1 (4) | BU28: {=IF($BT28="-","-",COUNTIFS($AA$4:$AA$97,$BD28,$D$4:$D$97,"Local",$F$4:$F$97,$BT28)+COUNTIFS($AF$4:$AF$97,$BD28,$D$4:$D$97,"Visitante",$E$4:$E$97,$BT28))} -> 1 | BV28: {=IF($BT28="-","-",COUNTIFS($AA$4:$AA$97,$BD28,$D$4:$D$97,"Empate",$F$4:$F$97,$BT28)+COUNTIFS($AF$4:$AF$97,$BD28,$D$4:$D$97,"Empate",$E$4:$E$97,$BT28))} -> 0 | BW28: {=IF($BT28="-","-",COUNTIFS($AA$4:$AA$97,$BD28,$D$4:$D$97,"Visitante",$F$4:$F$97,$BT28)+COUNTIFS($AF$4:$AF$97,$BD28,$D$4:$D$97,"Local",$E$4:$E$97,$BT28))} -> 2 | BX28: {=IF($BT28="-","-",BU28*3+BV28)} -> 3 | BY28: 1 | BZ28: P.1 (4) | CA28: {=IF($BZ28="-","-",SUMIFS($AC$4:$AC$97,$AA$4:$AA$97,$BD28,$I$4:$I$97,$BZ28)+SUMIFS($AD$4:$AD$97,$AF$4:$AF$97,$BD28,$H$4:$H$97,$BZ28))} -> 6 | CB28: {=IF($BZ28="-","-",SUMIFS($AD$4:$AD$97,$AA$4:$AA$97,$BD28,$I$4:$I$97,$BZ28)+SUMIFS($AC$4:$AC$97,$AF$4:$AF$97,$BD28,$H$4:$H$97,$BZ28))} -> 4 | CC28: {=IF($BZ28="-","-",CA28-CB28)} -> 2 | CD28: 1 | CE28: P.1 (4) | CF28: {=IF($CE28="-","-",SUMIFS($AC$4:$AC$97,$AA$4:$AA$97,$BD28,$L$4:$L$97,$CE28)+SUMIFS($AD$4:$AD$97,$AF$4:$AF$97,$BD28,$K$4:$K$97,$CE28))} -> 6 | CG28: 1 | CH28: P.1 (4) | CI28: {=IF($CH28="-","-",COUNTIFS($AA$4:$AA$97,$BD28,$D$4:$D$97,"Local",$O$4:$O$97,$CH28)+COUNTIFS($AF$4:$AF$97,$BD28,$D$4:$D$97,"Visitante",$N$4:$N$97,$CH28))} -> 1 | CJ28: {=IF($CH28="-","-",COUNTIFS($AA$4:$AA$97,$BD28,$D$4:$D$97,"Empate",$O$4:$O$97,$CH28)+COUNTIFS($AF$4:$AF$97,$BD28,$D$4:$D$97,"Empate",$N$4:$N$97,$CH28))} -> 0 | CK28: {=IF($CH28="-","-",COUNTIFS($AA$4:$AA$97,$BD28,$D$4:$D$97,"Visitante",$O$4:$O$97,$CH28)+COUNTIFS($AF$4:$AF$97,$BD28,$D$4:$D$97,"Local",$N$4:$N$97,$CH28))} -> 2 | CL28: {=IF($CH28="-","-",CI28*3+CJ28)} -> 3 | CM28: 1 | CN28: P.1 (4) | CO28: {=IF($CN28="-","-",SUMIFS($AC$4:$AC$97,$AA$4:$AA$97,$BD28,$R$4:$R$97,$CN28)+SUMIFS($AD$4:$AD$97,$AF$4:$AF$97,$BD28,$Q$4:$Q$97,$CN28))} -> 6 | CP28: {=IF($CN28="-","-",SUMIFS($AD$4:$AD$97,$AA$4:$AA$97,$BD28,$R$4:$R$97,$CN28)+SUMIFS($AC$4:$AC$97,$AF$4:$AF$97,$BD28,$Q$4:$Q$97,$CN28))} -> 4 | CQ28: {=IF($CN28="-","-",CO28-CP28)} -> 2 | CR28: 1 | CS28: P.1 (4) | CT28: {=IF($CS28="-","-",SUMIFS($AC$4:$AC$97,$AA$4:$AA$97,$BD28,$U$4:$U$97,$CS28)+SUMIFS($AD$4:$AD$97,$AF$4:$AF$97,$BD28,$T$4:$T$97,$CS28))} -> 6 | CU28: 1 | CV28: P.1 (4) | CW28: {=IF(CV28="-","-",BL28)} -> 2 | CX28: 1 | CY28: P.1 (4) | CZ28: {=IF(CY28="-","-",BJ28)} -> 6 | DA28: 1 | DB28: P.1 (4) | DC28: 3 | DD28: 3 | DF28: {=IF(OR(INDEX($AW$6:$AW$97,MATCH($BD28,$AV$6:$AV$97,0))="",DB28="-"),DD28,INDEX($AW$6:$AW$97,MATCH($BD28,$AV$6:$AV$97,0))+DD28/1000)} -> 3 | DG28: 2 | DH28: 3 | DJ28: {=INDEX($DA$6:$DA$53,MATCH($DQ28,$BD$6:$BD$53,0))} -> 1 | DK28: {=SUMIF($BC$6:$BC$53,BC28,$BF$6:$BF$53)} -> 12 | DL28: {=IF(OR(DK28=12,$AJ$99=144),COUNTIFS($DJ$6:$DJ$53,DJ28,$BC$6:$BC$53,BC28),1)} -> 4 | DM28: {=DJ28&"."&DL28} -> 1.4 | DN28: 1 | DP28: 3F | DQ28: {=INDEX($BD$6:$BD$53,MATCH(DP28,$BM$6:$BM$53,0))} -> Suecia
A29: Estados Unidos | D29: {=IF(OR(AC29="",AD29=""),"Pendiente",IF(AC29>AD29,"Local",IF(AC29<AD29,"Visitante","Empate")))} -> Visitante | E29: {=IF(D29="Pendiente","-",INDEX($BT$6:$BT$53,MATCH($AA29,$BD$6:$BD$53,0)))} -> P.1 (4) | F29: {=IF(D29="Pendiente","-",INDEX($BT$6:$BT$53,MATCH($AF29,$BD$6:$BD$53,0)))} -> P.1 (4) | H29: {=IF(D29="Pendiente","-",INDEX($BZ$6:$BZ$53,MATCH($AA29,$BD$6:$BD$53,0)))} -> P.1 (4) | I29: {=IF(D29="Pendiente","-",INDEX($BZ$6:$BZ$53,MATCH($AF29,$BD$6:$BD$53,0)))} -> P.1 (4) | K29: {=IF(D29="Pendiente","-",INDEX($CE$6:$CE$53,MATCH($AA29,$BD$6:$BD$53,0)))} -> P.1 (4) | L29: {=IF(D29="Pendiente","-",INDEX($CE$6:$CE$53,MATCH($AF29,$BD$6:$BD$53,0)))} -> P.1 (4) | N29: {=IF(D29="Pendiente","-",INDEX($CH$6:$CH$53,MATCH($AA29,$BD$6:$BD$53,0)))} -> P.1 (4) | O29: {=IF(D29="Pendiente","-",INDEX($CH$6:$CH$53,MATCH($AF29,$BD$6:$BD$53,0)))} -> P.1 (4) | Q29: {=IF(D29="Pendiente","-",INDEX($CN$6:$CN$53,MATCH($AA29,$BD$6:$BD$53,0)))} -> P.1 (4) | R29: {=IF(D29="Pendiente","-",INDEX($CN$6:$CN$53,MATCH($AF29,$BD$6:$BD$53,0)))} -> P.1 (4) | T29: {=IF(D29="Pendiente","-",INDEX($CS$6:$CS$53,MATCH($AA29,$BD$6:$BD$53,0)))} -> P.1 (4) | U29: {=IF(D29="Pendiente","-",INDEX($CS$6:$CS$53,MATCH($AF29,$BD$6:$BD$53,0)))} -> P.1 (4) | X29: 46187 | Y29: 46187 | Z29: {=$Z$4} -> J1 | AA29: {=A31} -> Australia | AC29: 0 | AD29: 4 | AF29: {=A32} -> Turquía | AG29: {=IF(NOT(OR(ISBLANK(AC29),ISBLANK(AD29))),1,0)} -> 1 | AH29: 6 | AJ29: {=AJ5} -> Pos | AL29: {=AL5} -> Selección | AM29: {=AM5} -> Pts | AN29: {=AN5} -> J | AO29: {=AO5} -> G | AP29: {=AP5} -> E | AQ29: {=AQ5} -> P | AR29: {=AR5} -> GF | AS29: {=AS5} -> GC | AT29: {=AT5} -> DG | AU29: {=COUNTIF(AU30:AU33,">1")} -> 4 | AY29: {=AL29} -> Selección | AZ29: Puntos penalizados | BC29: F | BD29: Túnez | BE29: {=BG29*3+BH29+IF($AZ$3="No",0,INDEX($AZ$6:$AZ$97,MATCH(BD29,$AY$6:$AY$97,0)))} -> 0 | BF29: {=BG29+BH29+BI29} -> 3 | BG29: {=COUNTIFS($AA$4:$AA$97,BD29,$D$4:$D$97,"Local")+COUNTIFS($AF$4:$AF$97,BD29,$D$4:$D$97,"Visitante")} -> 0 | BH29: {=COUNTIFS($AA$4:$AA$97,BD29,$D$4:$D$97,"Empate")+COUNTIFS($AF$4:$AF$97,BD29,$D$4:$D$97,"Empate")} -> 0 | BI29: {=COUNTIFS($AF$4:$AF$97,BD29,$D$4:$D$97,"Local")+COUNTIFS($AA$4:$AA$97,BD29,$D$4:$D$97,"Visitante")} -> 3 | BJ29: {=SUMIFS($AC$4:$AC$97,$AA$4:$AA$97,BD29,$D$4:$D$97,"<>"&"Pendiente",$AC$4:$AC$97,"<>"&"",$AD$4:$AD$97,"<>"&"")+SUMIFS($AD$4:$AD$97,$AF$4:$AF$97,BD29,$D$4:$D$97,"<>"&"Pendiente",$AC$4:$AC$97,"<>"&"",$AD$4:$AD$97,"<>"&"")} -> 0 | BK29: {=SUMIFS($AC$4:$AC$97,$AF$4:$AF$97,BD29,$D$4:$D$97,"<>"&"Pendiente",$AC$4:$AC$97,"<>"&"",$AD$4:$AD$97,"<>"&"")+SUMIFS($AD$4:$AD$97,$AA$4:$AA$97,BD29,$D$4:$D$97,"<>"&"Pendiente",$AC$4:$AC$97,"<>"&"",$AD$4:$AD$97,"<>"&"")} -> 11 | BL29: {=BJ29-BK29} -> -11 | BM29: {=DD29&BC29} -> 4F | BN29: {=DH29&BC29} -> 4F | BO29: {=IF(AND($AJ$99=144,BF29>=1),1,0)} -> 0 | BP29: 1 | BQ29: P.1 (4) | BR29: {=IF($BQ29="-","-",BE29)} -> 0 | BS29: 1 | BT29: P.1 (4) | BU29: {=IF($BT29="-","-",COUNTIFS($AA$4:$AA$97,$BD29,$D$4:$D$97,"Local",$F$4:$F$97,$BT29)+COUNTIFS($AF$4:$AF$97,$BD29,$D$4:$D$97,"Visitante",$E$4:$E$97,$BT29))} -> 0 | BV29: {=IF($BT29="-","-",COUNTIFS($AA$4:$AA$97,$BD29,$D$4:$D$97,"Empate",$F$4:$F$97,$BT29)+COUNTIFS($AF$4:$AF$97,$BD29,$D$4:$D$97,"Empate",$E$4:$E$97,$BT29))} -> 0 | BW29: {=IF($BT29="-","-",COUNTIFS($AA$4:$AA$97,$BD29,$D$4:$D$97,"Visitante",$F$4:$F$97,$BT29)+COUNTIFS($AF$4:$AF$97,$BD29,$D$4:$D$97,"Local",$E$4:$E$97,$BT29))} -> 3 | BX29: {=IF($BT29="-","-",BU29*3+BV29)} -> 0 | BY29: 1 | BZ29: P.1 (4) | CA29: {=IF($BZ29="-","-",SUMIFS($AC$4:$AC$97,$AA$4:$AA$97,$BD29,$I$4:$I$97,$BZ29)+SUMIFS($AD$4:$AD$97,$AF$4:$AF$97,$BD29,$H$4:$H$97,$BZ29))} -> 0 | CB29: {=IF($BZ29="-","-",SUMIFS($AD$4:$AD$97,$AA$4:$AA$97,$BD29,$I$4:$I$97,$BZ29)+SUMIFS($AC$4:$AC$97,$AF$4:$AF$97,$BD29,$H$4:$H$97,$BZ29))} -> 11 | CC29: {=IF($BZ29="-","-",CA29-CB29)} -> -11 | CD29: 1 | CE29: P.1 (4) | CF29: {=IF($CE29="-","-",SUMIFS($AC$4:$AC$97,$AA$4:$AA$97,$BD29,$L$4:$L$97,$CE29)+SUMIFS($AD$4:$AD$97,$AF$4:$AF$97,$BD29,$K$4:$K$97,$CE29))} -> 0 | CG29: 1 | CH29: P.1 (4) | CI29: {=IF($CH29="-","-",COUNTIFS($AA$4:$AA$97,$BD29,$D$4:$D$97,"Local",$O$4:$O$97,$CH29)+COUNTIFS($AF$4:$AF$97,$BD29,$D$4:$D$97,"Visitante",$N$4:$N$97,$CH29))} -> 0 | CJ29: {=IF($CH29="-","-",COUNTIFS($AA$4:$AA$97,$BD29,$D$4:$D$97,"Empate",$O$4:$O$97,$CH29)+COUNTIFS($AF$4:$AF$97,$BD29,$D$4:$D$97,"Empate",$N$4:$N$97,$CH29))} -> 0 | CK29: {=IF($CH29="-","-",COUNTIFS($AA$4:$AA$97,$BD29,$D$4:$D$97,"Visitante",$O$4:$O$97,$CH29)+COUNTIFS($AF$4:$AF$97,$BD29,$D$4:$D$97,"Local",$N$4:$N$97,$CH29))} -> 3 | CL29: {=IF($CH29="-","-",CI29*3+CJ29)} -> 0 | CM29: 1 | CN29: P.1 (4) | CO29: {=IF($CN29="-","-",SUMIFS($AC$4:$AC$97,$AA$4:$AA$97,$BD29,$R$4:$R$97,$CN29)+SUMIFS($AD$4:$AD$97,$AF$4:$AF$97,$BD29,$Q$4:$Q$97,$CN29))} -> 0 | CP29: {=IF($CN29="-","-",SUMIFS($AD$4:$AD$97,$AA$4:$AA$97,$BD29,$R$4:$R$97,$CN29)+SUMIFS($AC$4:$AC$97,$AF$4:$AF$97,$BD29,$Q$4:$Q$97,$CN29))} -> 11 | CQ29: {=IF($CN29="-","-",CO29-CP29)} -> -11 | CR29: 1 | CS29: P.1 (4) | CT29: {=IF($CS29="-","-",SUMIFS($AC$4:$AC$97,$AA$4:$AA$97,$BD29,$U$4:$U$97,$CS29)+SUMIFS($AD$4:$AD$97,$AF$4:$AF$97,$BD29,$T$4:$T$97,$CS29))} -> 0 | CU29: 1 | CV29: P.1 (4) | CW29: {=IF(CV29="-","-",BL29)} -> -11 | CX29: 1 | CY29: P.1 (4) | CZ29: {=IF(CY29="-","-",BJ29)} -> 0 | DA29: 1 | DB29: P.1 (4) | DC29: 4 | DD29: 4 | DF29: {=IF(OR(INDEX($AW$6:$AW$97,MATCH($BD29,$AV$6:$AV$97,0))="",DB29="-"),DD29,INDEX($AW$6:$AW$97,MATCH($BD29,$AV$6:$AV$97,0))+DD29/1000)} -> 4 | DG29: 3 | DH29: 4 | DJ29: {=INDEX($DA$6:$DA$53,MATCH($DQ29,$BD$6:$BD$53,0))} -> 1 | DK29: {=SUMIF($BC$6:$BC$53,BC29,$BF$6:$BF$53)} -> 12 | DL29: {=IF(OR(DK29=12,$AJ$99=144),COUNTIFS($DJ$6:$DJ$53,DJ29,$BC$6:$BC$53,BC29),1)} -> 4 | DM29: {=DJ29&"."&DL29} -> 1.4 | DN29: 1 | DP29: 4F | DQ29: {=INDEX($BD$6:$BD$53,MATCH(DP29,$BM$6:$BM$53,0))} -> Túnez
A30: Paraguay | D30: {=IF(OR(AC30="",AD30=""),"Pendiente",IF(AC30>AD30,"Local",IF(AC30<AD30,"Visitante","Empate")))} -> Local | E30: {=IF(D30="Pendiente","-",INDEX($BT$6:$BT$53,MATCH($AA30,$BD$6:$BD$53,0)))} -> P.1 (4) | F30: {=IF(D30="Pendiente","-",INDEX($BT$6:$BT$53,MATCH($AF30,$BD$6:$BD$53,0)))} -> P.1 (4) | H30: {=IF(D30="Pendiente","-",INDEX($BZ$6:$BZ$53,MATCH($AA30,$BD$6:$BD$53,0)))} -> P.1 (4) | I30: {=IF(D30="Pendiente","-",INDEX($BZ$6:$BZ$53,MATCH($AF30,$BD$6:$BD$53,0)))} -> P.1 (4) | K30: {=IF(D30="Pendiente","-",INDEX($CE$6:$CE$53,MATCH($AA30,$BD$6:$BD$53,0)))} -> P.1 (4) | L30: {=IF(D30="Pendiente","-",INDEX($CE$6:$CE$53,MATCH($AF30,$BD$6:$BD$53,0)))} -> P.1 (4) | N30: {=IF(D30="Pendiente","-",INDEX($CH$6:$CH$53,MATCH($AA30,$BD$6:$BD$53,0)))} -> P.1 (4) | O30: {=IF(D30="Pendiente","-",INDEX($CH$6:$CH$53,MATCH($AF30,$BD$6:$BD$53,0)))} -> P.1 (4) | Q30: {=IF(D30="Pendiente","-",INDEX($CN$6:$CN$53,MATCH($AA30,$BD$6:$BD$53,0)))} -> P.1 (4) | R30: {=IF(D30="Pendiente","-",INDEX($CN$6:$CN$53,MATCH($AF30,$BD$6:$BD$53,0)))} -> P.1 (4) | T30: {=IF(D30="Pendiente","-",INDEX($CS$6:$CS$53,MATCH($AA30,$BD$6:$BD$53,0)))} -> P.1 (4) | U30: {=IF(D30="Pendiente","-",INDEX($CS$6:$CS$53,MATCH($AF30,$BD$6:$BD$53,0)))} -> P.1 (4) | X30: 46192.625 | Y30: 46192.625 | Z30: {=$Z$6} -> J2 | AA30: {=A29} -> Estados Unidos | AC30: 2 | AD30: 1 | AF30: {=A31} -> Australia | AG30: {=IF(NOT(OR(ISBLANK(AC30),ISBLANK(AD30))),1,0)} -> 1 | AH30: 32 | AI30: {=AJ30&$B$28} -> 1D | AJ30: 1 | AL30: {=IFERROR(INDEX($BD$6:$BD$53,MATCH(AI30,$BN$6:$BN$53,0)),"")} -> Estados Unidos | AM30: {=INDEX($BE$6:$BN$53,MATCH($AL30,$BD$6:$BD$53,0),MATCH(AM$5,$BE$5:$BN$5,0))} -> 3 | AN30: {=INDEX($BE$6:$BN$53,MATCH($AL30,$BD$6:$BD$53,0),MATCH(AN$5,$BE$5:$BN$5,0))} -> 3 | AO30: {=INDEX($BE$6:$BN$53,MATCH($AL30,$BD$6:$BD$53,0),MATCH(AO$5,$BE$5:$BN$5,0))} -> 1 | AP30: {=INDEX($BE$6:$BN$53,MATCH($AL30,$BD$6:$BD$53,0),MATCH(AP$5,$BE$5:$BN$5,0))} -> 0 | AQ30: {=INDEX($BE$6:$BN$53,MATCH($AL30,$BD$6:$BD$53,0),MATCH(AQ$5,$BE$5:$BN$5,0))} -> 2 | AR30: {=INDEX($BE$6:$BN$53,MATCH($AL30,$BD$6:$BD$53,0),MATCH(AR$5,$BE$5:$BN$5,0))} -> 4 | AS30: {=INDEX($BE$6:$BN$53,MATCH($AL30,$BD$6:$BD$53,0),MATCH(AS$5,$BE$5:$BN$5,0))} -> 5 | AT30: {=INDEX($BE$6:$BN$53,MATCH($AL30,$BD$6:$BD$53,0),MATCH(AT$5,$BE$5:$BN$5,0))} -> -1 | AU30: {=INDEX($DL$6:$DL$53,MATCH(AI30,$DP$6:$DP$53,0))} -> 4 | AV30: {=INDEX($BD$6:$BD$53,MATCH(AI30,$BM$6:$BM$53,0))} -> Estados Unidos | AY30: {=A29} -> Estados Unidos | BC30: G | BD30: Bélgica | BE30: {=BG30*3+BH30+IF($AZ$3="No",0,INDEX($AZ$6:$AZ$97,MATCH(BD30,$AY$6:$AY$97,0)))} -> 9 | BF30: {=BG30+BH30+BI30} -> 3 | BG30: {=COUNTIFS($AA$4:$AA$97,BD30,$D$4:$D$97,"Local")+COUNTIFS($AF$4:$AF$97,BD30,$D$4:$D$97,"Visitante")} -> 3 | BH30: {=COUNTIFS($AA$4:$AA$97,BD30,$D$4:$D$97,"Empate")+COUNTIFS($AF$4:$AF$97,BD30,$D$4:$D$97,"Empate")} -> 0 | BI30: {=COUNTIFS($AF$4:$AF$97,BD30,$D$4:$D$97,"Local")+COUNTIFS($AA$4:$AA$97,BD30,$D$4:$D$97,"Visitante")} -> 0 | BJ30: {=SUMIFS($AC$4:$AC$97,$AA$4:$AA$97,BD30,$D$4:$D$97,"<>"&"Pendiente",$AC$4:$AC$97,"<>"&"",$AD$4:$AD$97,"<>"&"")+SUMIFS($AD$4:$AD$97,$AF$4:$AF$97,BD30,$D$4:$D$97,"<>"&"Pendiente",$AC$4:$AC$97,"<>"&"",$AD$4:$AD$97,"<>"&"")} -> 9 | BK30: {=SUMIFS($AC$4:$AC$97,$AF$4:$AF$97,BD30,$D$4:$D$97,"<>"&"Pendiente",$AC$4:$AC$97,"<>"&"",$AD$4:$AD$97,"<>"&"")+SUMIFS($AD$4:$AD$97,$AA$4:$AA$97,BD30,$D$4:$D$97,"<>"&"Pendiente",$AC$4:$AC$97,"<>"&"",$AD$4:$AD$97,"<>"&"")} -> 1 | BL30: {=BJ30-BK30} -> 8 | BM30: {=DD30&BC30} -> 1G | BN30: {=DH30&BC30} -> 1G | BO30: {=IF(AND($AJ$99=144,BF30>=1),1,0)} -> 0 | BP30: 1 | BQ30: P.1 (4) | BR30: {=IF($BQ30="-","-",BE30)} -> 9 | BS30: 1 | BT30: P.1 (4) | BU30: {=IF($BT30="-","-",COUNTIFS($AA$4:$AA$97,$BD30,$D$4:$D$97,"Local",$F$4:$F$97,$BT30)+COUNTIFS($AF$4:$AF$97,$BD30,$D$4:$D$97,"Visitante",$E$4:$E$97,$BT30))} -> 3 | BV30: {=IF($BT30="-","-",COUNTIFS($AA$4:$AA$97,$BD30,$D$4:$D$97,"Empate",$F$4:$F$97,$BT30)+COUNTIFS($AF$4:$AF$97,$BD30,$D$4:$D$97,"Empate",$E$4:$E$97,$BT30))} -> 0 | BW30: {=IF($BT30="-","-",COUNTIFS($AA$4:$AA$97,$BD30,$D$4:$D$97,"Visitante",$F$4:$F$97,$BT30)+COUNTIFS($AF$4:$AF$97,$BD30,$D$4:$D$97,"Local",$E$4:$E$97,$BT30))} -> 0 | BX30: {=IF($BT30="-","-",BU30*3+BV30)} -> 9 | BY30: 1 | BZ30: P.1 (4) | CA30: {=IF($BZ30="-","-",SUMIFS($AC$4:$AC$97,$AA$4:$AA$97,$BD30,$I$4:$I$97,$BZ30)+SUMIFS($AD$4:$AD$97,$AF$4:$AF$97,$BD30,$H$4:$H$97,$BZ30))} -> 9 | CB30: {=IF($BZ30="-","-",SUMIFS($AD$4:$AD$97,$AA$4:$AA$97,$BD30,$I$4:$I$97,$BZ30)+SUMIFS($AC$4:$AC$97,$AF$4:$AF$97,$BD30,$H$4:$H$97,$BZ30))} -> 1 | CC30: {=IF($BZ30="-","-",CA30-CB30)} -> 8 | CD30: 1 | CE30: P.1 (4) | CF30: {=IF($CE30="-","-",SUMIFS($AC$4:$AC$97,$AA$4:$AA$97,$BD30,$L$4:$L$97,$CE30)+SUMIFS($AD$4:$AD$97,$AF$4:$AF$97,$BD30,$K$4:$K$97,$CE30))} -> 9 | CG30: 1 | CH30: P.1 (4) | CI30: {=IF($CH30="-","-",COUNTIFS($AA$4:$AA$97,$BD30,$D$4:$D$97,"Local",$O$4:$O$97,$CH30)+COUNTIFS($AF$4:$AF$97,$BD30,$D$4:$D$97,"Visitante",$N$4:$N$97,$CH30))} -> 3 | CJ30: {=IF($CH30="-","-",COUNTIFS($AA$4:$AA$97,$BD30,$D$4:$D$97,"Empate",$O$4:$O$97,$CH30)+COUNTIFS($AF$4:$AF$97,$BD30,$D$4:$D$97,"Empate",$N$4:$N$97,$CH30))} -> 0 | CK30: {=IF($CH30="-","-",COUNTIFS($AA$4:$AA$97,$BD30,$D$4:$D$97,"Visitante",$O$4:$O$97,$CH30)+COUNTIFS($AF$4:$AF$97,$BD30,$D$4:$D$97,"Local",$N$4:$N$97,$CH30))} -> 0 | CL30: {=IF($CH30="-","-",CI30*3+CJ30)} -> 9 | CM30: 1 | CN30: P.1 (4) | CO30: {=IF($CN30="-","-",SUMIFS($AC$4:$AC$97,$AA$4:$AA$97,$BD30,$R$4:$R$97,$CN30)+SUMIFS($AD$4:$AD$97,$AF$4:$AF$97,$BD30,$Q$4:$Q$97,$CN30))} -> 9 | CP30: {=IF($CN30="-","-",SUMIFS($AD$4:$AD$97,$AA$4:$AA$97,$BD30,$R$4:$R$97,$CN30)+SUMIFS($AC$4:$AC$97,$AF$4:$AF$97,$BD30,$Q$4:$Q$97,$CN30))} -> 1 | CQ30: {=IF($CN30="-","-",CO30-CP30)} -> 8 | CR30: 1 | CS30: P.1 (4) | CT30: {=IF($CS30="-","-",SUMIFS($AC$4:$AC$97,$AA$4:$AA$97,$BD30,$U$4:$U$97,$CS30)+SUMIFS($AD$4:$AD$97,$AF$4:$AF$97,$BD30,$T$4:$T$97,$CS30))} -> 9 | CU30: 1 | CV30: P.1 (4) | CW30: {=IF(CV30="-","-",BL30)} -> 8 | CX30: 1 | CY30: P.1 (4) | CZ30: {=IF(CY30="-","-",BJ30)} -> 9 | DA30: 1 | DB30: P.1 (4) | DC30: 1 | DD30: 1 | DF30: {=IF(OR(INDEX($AW$6:$AW$97,MATCH($BD30,$AV$6:$AV$97,0))="",DB30="-"),DD30,INDEX($AW$6:$AW$97,MATCH($BD30,$AV$6:$AV$97,0))+DD30/1000)} -> 1 | DG30: 0 | DH30: 1 | DJ30: {=INDEX($DA$6:$DA$53,MATCH($DQ30,$BD$6:$BD$53,0))} -> 1 | DK30: {=SUMIF($BC$6:$BC$53,BC30,$BF$6:$BF$53)} -> 12 | DL30: {=IF(OR(DK30=12,$AJ$99=144),COUNTIFS($DJ$6:$DJ$53,DJ30,$BC$6:$BC$53,BC30),1)} -> 4 | DM30: {=DJ30&"."&DL30} -> 1.4 | DN30: 1 | DP30: 1G | DQ30: {=INDEX($BD$6:$BD$53,MATCH(DP30,$BM$6:$BM$53,0))} -> Bélgica
A31: Australia | D31: {=IF(OR(AC31="",AD31=""),"Pendiente",IF(AC31>AD31,"Local",IF(AC31<AD31,"Visitante","Empate")))} -> Empate | E31: {=IF(D31="Pendiente","-",INDEX($BT$6:$BT$53,MATCH($AA31,$BD$6:$BD$53,0)))} -> P.1 (4) | F31: {=IF(D31="Pendiente","-",INDEX($BT$6:$BT$53,MATCH($AF31,$BD$6:$BD$53,0)))} -> P.1 (4) | H31: {=IF(D31="Pendiente","-",INDEX($BZ$6:$BZ$53,MATCH($AA31,$BD$6:$BD$53,0)))} -> P.1 (4) | I31: {=IF(D31="Pendiente","-",INDEX($BZ$6:$BZ$53,MATCH($AF31,$BD$6:$BD$53,0)))} -> P.1 (4) | K31: {=IF(D31="Pendiente","-",INDEX($CE$6:$CE$53,MATCH($AA31,$BD$6:$BD$53,0)))} -> P.1 (4) | L31: {=IF(D31="Pendiente","-",INDEX($CE$6:$CE$53,MATCH($AF31,$BD$6:$BD$53,0)))} -> P.1 (4) | N31: {=IF(D31="Pendiente","-",INDEX($CH$6:$CH$53,MATCH($AA31,$BD$6:$BD$53,0)))} -> P.1 (4) | O31: {=IF(D31="Pendiente","-",INDEX($CH$6:$CH$53,MATCH($AF31,$BD$6:$BD$53,0)))} -> P.1 (4) | Q31: {=IF(D31="Pendiente","-",INDEX($CN$6:$CN$53,MATCH($AA31,$BD$6:$BD$53,0)))} -> P.1 (4) | R31: {=IF(D31="Pendiente","-",INDEX($CN$6:$CN$53,MATCH($AF31,$BD$6:$BD$53,0)))} -> P.1 (4) | T31: {=IF(D31="Pendiente","-",INDEX($CS$6:$CS$53,MATCH($AA31,$BD$6:$BD$53,0)))} -> P.1 (4) | U31: {=IF(D31="Pendiente","-",INDEX($CS$6:$CS$53,MATCH($AF31,$BD$6:$BD$53,0)))} -> P.1 (4) | X31: 46192.958 | Y31: 46192.958 | Z31: {=$Z$6} -> J2 | AA31: {=A32} -> Turquía | AC31: 1 | AD31: 1 | AF31: {=A30} -> Paraguay | AG31: {=IF(NOT(OR(ISBLANK(AC31),ISBLANK(AD31))),1,0)} -> 1 | AH31: 31 | AI31: {=AJ31&$B$28} -> 2D | AJ31: 2 | AL31: {=IFERROR(INDEX($BD$6:$BD$53,MATCH(AI31,$BN$6:$BN$53,0)),"")} -> Paraguay | AM31: {=INDEX($BE$6:$BN$53,MATCH($AL31,$BD$6:$BD$53,0),MATCH(AM$5,$BE$5:$BN$5,0))} -> 7 | AN31: {=INDEX($BE$6:$BN$53,MATCH($AL31,$BD$6:$BD$53,0),MATCH(AN$5,$BE$5:$BN$5,0))} -> 3 | AO31: {=INDEX($BE$6:$BN$53,MATCH($AL31,$BD$6:$BD$53,0),MATCH(AO$5,$BE$5:$BN$5,0))} -> 2 | AP31: {=INDEX($BE$6:$BN$53,MATCH($AL31,$BD$6:$BD$53,0),MATCH(AP$5,$BE$5:$BN$5,0))} -> 1 | AQ31: {=INDEX($BE$6:$BN$53,MATCH($AL31,$BD$6:$BD$53,0),MATCH(AQ$5,$BE$5:$BN$5,0))} -> 0 | AR31: {=INDEX($BE$6:$BN$53,MATCH($AL31,$BD$6:$BD$53,0),MATCH(AR$5,$BE$5:$BN$5,0))} -> 4 | AS31: {=INDEX($BE$6:$BN$53,MATCH($AL31,$BD$6:$BD$53,0),MATCH(AS$5,$BE$5:$BN$5,0))} -> 2 | AT31: {=INDEX($BE$6:$BN$53,MATCH($AL31,$BD$6:$BD$53,0),MATCH(AT$5,$BE$5:$BN$5,0))} -> 2 | AU31: {=INDEX($DL$6:$DL$53,MATCH(AI31,$DP$6:$DP$53,0))} -> 4 | AV31: {=INDEX($BD$6:$BD$53,MATCH(AI31,$BM$6:$BM$53,0))} -> Paraguay | AY31: {=A30} -> Paraguay | BC31: G | BD31: Egipto | BE31: {=BG31*3+BH31+IF($AZ$3="No",0,INDEX($AZ$6:$AZ$97,MATCH(BD31,$AY$6:$AY$97,0)))} -> 6 | BF31: {=BG31+BH31+BI31} -> 3 | BG31: {=COUNTIFS($AA$4:$AA$97,BD31,$D$4:$D$97,"Local")+COUNTIFS($AF$4:$AF$97,BD31,$D$4:$D$97,"Visitante")} -> 2 | BH31: {=COUNTIFS($AA$4:$AA$97,BD31,$D$4:$D$97,"Empate")+COUNTIFS($AF$4:$AF$97,BD31,$D$4:$D$97,"Empate")} -> 0 | BI31: {=COUNTIFS($AF$4:$AF$97,BD31,$D$4:$D$97,"Local")+COUNTIFS($AA$4:$AA$97,BD31,$D$4:$D$97,"Visitante")} -> 1 | BJ31: {=SUMIFS($AC$4:$AC$97,$AA$4:$AA$97,BD31,$D$4:$D$97,"<>"&"Pendiente",$AC$4:$AC$97,"<>"&"",$AD$4:$AD$97,"<>"&"")+SUMIFS($AD$4:$AD$97,$AF$4:$AF$97,BD31,$D$4:$D$97,"<>"&"Pendiente",$AC$4:$AC$97,"<>"&"",$AD$4:$AD$97,"<>"&"")} -> 6 | BK31: {=SUMIFS($AC$4:$AC$97,$AF$4:$AF$97,BD31,$D$4:$D$97,"<>"&"Pendiente",$AC$4:$AC$97,"<>"&"",$AD$4:$AD$97,"<>"&"")+SUMIFS($AD$4:$AD$97,$AA$4:$AA$97,BD31,$D$4:$D$97,"<>"&"Pendiente",$AC$4:$AC$97,"<>"&"",$AD$4:$AD$97,"<>"&"")} -> 3 | BL31: {=BJ31-BK31} -> 3 | BM31: {=DD31&BC31} -> 2G | BN31: {=DH31&BC31} -> 2G | BO31: {=IF(AND($AJ$99=144,BF31>=1),1,0)} -> 0 | BP31: 1 | BQ31: P.1 (4) | BR31: {=IF($BQ31="-","-",BE31)} -> 6 | BS31: 1 | BT31: P.1 (4) | BU31: {=IF($BT31="-","-",COUNTIFS($AA$4:$AA$97,$BD31,$D$4:$D$97,"Local",$F$4:$F$97,$BT31)+COUNTIFS($AF$4:$AF$97,$BD31,$D$4:$D$97,"Visitante",$E$4:$E$97,$BT31))} -> 2 | BV31: {=IF($BT31="-","-",COUNTIFS($AA$4:$AA$97,$BD31,$D$4:$D$97,"Empate",$F$4:$F$97,$BT31)+COUNTIFS($AF$4:$AF$97,$BD31,$D$4:$D$97,"Empate",$E$4:$E$97,$BT31))} -> 0 | BW31: {=IF($BT31="-","-",COUNTIFS($AA$4:$AA$97,$BD31,$D$4:$D$97,"Visitante",$F$4:$F$97,$BT31)+COUNTIFS($AF$4:$AF$97,$BD31,$D$4:$D$97,"Local",$E$4:$E$97,$BT31))} -> 1 | BX31: {=IF($BT31="-","-",BU31*3+BV31)} -> 6 | BY31: 1 | BZ31: P.1 (4) | CA31: {=IF($BZ31="-","-",SUMIFS($AC$4:$AC$97,$AA$4:$AA$97,$BD31,$I$4:$I$97,$BZ31)+SUMIFS($AD$4:$AD$97,$AF$4:$AF$97,$BD31,$H$4:$H$97,$BZ31))} -> 6 | CB31: {=IF($BZ31="-","-",SUMIFS($AD$4:$AD$97,$AA$4:$AA$97,$BD31,$I$4:$I$97,$BZ31)+SUMIFS($AC$4:$AC$97,$AF$4:$AF$97,$BD31,$H$4:$H$97,$BZ31))} -> 3 | CC31: {=IF($BZ31="-","-",CA31-CB31)} -> 3 | CD31: 1 | CE31: P.1 (4) | CF31: {=IF($CE31="-","-",SUMIFS($AC$4:$AC$97,$AA$4:$AA$97,$BD31,$L$4:$L$97,$CE31)+SUMIFS($AD$4:$AD$97,$AF$4:$AF$97,$BD31,$K$4:$K$97,$CE31))} -> 6 | CG31: 1 | CH31: P.1 (4) | CI31: {=IF($CH31="-","-",COUNTIFS($AA$4:$AA$97,$BD31,$D$4:$D$97,"Local",$O$4:$O$97,$CH31)+COUNTIFS($AF$4:$AF$97,$BD31,$D$4:$D$97,"Visitante",$N$4:$N$97,$CH31))} -> 2 | CJ31: {=IF($CH31="-","-",COUNTIFS($AA$4:$AA$97,$BD31,$D$4:$D$97,"Empate",$O$4:$O$97,$CH31)+COUNTIFS($AF$4:$AF$97,$BD31,$D$4:$D$97,"Empate",$N$4:$N$97,$CH31))} -> 0 | CK31: {=IF($CH31="-","-",COUNTIFS($AA$4:$AA$97,$BD31,$D$4:$D$97,"Visitante",$O$4:$O$97,$CH31)+COUNTIFS($AF$4:$AF$97,$BD31,$D$4:$D$97,"Local",$N$4:$N$97,$CH31))} -> 1 | CL31: {=IF($CH31="-","-",CI31*3+CJ31)} -> 6 | CM31: 1 | CN31: P.1 (4) | CO31: {=IF($CN31="-","-",SUMIFS($AC$4:$AC$97,$AA$4:$AA$97,$BD31,$R$4:$R$97,$CN31)+SUMIFS($AD$4:$AD$97,$AF$4:$AF$97,$BD31,$Q$4:$Q$97,$CN31))} -> 6 | CP31: {=IF($CN31="-","-",SUMIFS($AD$4:$AD$97,$AA$4:$AA$97,$BD31,$R$4:$R$97,$CN31)+SUMIFS($AC$4:$AC$97,$AF$4:$AF$97,$BD31,$Q$4:$Q$97,$CN31))} -> 3 | CQ31: {=IF($CN31="-","-",CO31-CP31)} -> 3 | CR31: 1 | CS31: P.1 (4) | CT31: {=IF($CS31="-","-",SUMIFS($AC$4:$AC$97,$AA$4:$AA$97,$BD31,$U$4:$U$97,$CS31)+SUMIFS($AD$4:$AD$97,$AF$4:$AF$97,$BD31,$T$4:$T$97,$CS31))} -> 6 | CU31: 1 | CV31: P.1 (4) | CW31: {=IF(CV31="-","-",BL31)} -> 3 | CX31: 1 | CY31: P.1 (4) | CZ31: {=IF(CY31="-","-",BJ31)} -> 6 | DA31: 1 | DB31: P.1 (4) | DC31: 2 | DD31: 2 | DF31: {=IF(OR(INDEX($AW$6:$AW$97,MATCH($BD31,$AV$6:$AV$97,0))="",DB31="-"),DD31,INDEX($AW$6:$AW$97,MATCH($BD31,$AV$6:$AV$97,0))+DD31/1000)} -> 2 | DG31: 1 | DH31: 2 | DJ31: {=INDEX($DA$6:$DA$53,MATCH($DQ31,$BD$6:$BD$53,0))} -> 1 | DK31: {=SUMIF($BC$6:$BC$53,BC31,$BF$6:$BF$53)} -> 12 | DL31: {=IF(OR(DK31=12,$AJ$99=144),COUNTIFS($DJ$6:$DJ$53,DJ31,$BC$6:$BC$53,BC31),1)} -> 4 | DM31: {=DJ31&"."&DL31} -> 1.4 | DN31: 1 | DP31: 2G | DQ31: {=INDEX($BD$6:$BD$53,MATCH(DP31,$BM$6:$BM$53,0))} -> Egipto
A32: Turquía | D32: {=IF(OR(AC32="",AD32=""),"Pendiente",IF(AC32>AD32,"Local",IF(AC32<AD32,"Visitante","Empate")))} -> Local | E32: {=IF(D32="Pendiente","-",INDEX($BT$6:$BT$53,MATCH($AA32,$BD$6:$BD$53,0)))} -> P.1 (4) | F32: {=IF(D32="Pendiente","-",INDEX($BT$6:$BT$53,MATCH($AF32,$BD$6:$BD$53,0)))} -> P.1 (4) | H32: {=IF(D32="Pendiente","-",INDEX($BZ$6:$BZ$53,MATCH($AA32,$BD$6:$BD$53,0)))} -> P.1 (4) | I32: {=IF(D32="Pendiente","-",INDEX($BZ$6:$BZ$53,MATCH($AF32,$BD$6:$BD$53,0)))} -> P.1 (4) | K32: {=IF(D32="Pendiente","-",INDEX($CE$6:$CE$53,MATCH($AA32,$BD$6:$BD$53,0)))} -> P.1 (4) | L32: {=IF(D32="Pendiente","-",INDEX($CE$6:$CE$53,MATCH($AF32,$BD$6:$BD$53,0)))} -> P.1 (4) | N32: {=IF(D32="Pendiente","-",INDEX($CH$6:$CH$53,MATCH($AA32,$BD$6:$BD$53,0)))} -> P.1 (4) | O32: {=IF(D32="Pendiente","-",INDEX($CH$6:$CH$53,MATCH($AF32,$BD$6:$BD$53,0)))} -> P.1 (4) | Q32: {=IF(D32="Pendiente","-",INDEX($CN$6:$CN$53,MATCH($AA32,$BD$6:$BD$53,0)))} -> P.1 (4) | R32: {=IF(D32="Pendiente","-",INDEX($CN$6:$CN$53,MATCH($AF32,$BD$6:$BD$53,0)))} -> P.1 (4) | T32: {=IF(D32="Pendiente","-",INDEX($CS$6:$CS$53,MATCH($AA32,$BD$6:$BD$53,0)))} -> P.1 (4) | U32: {=IF(D32="Pendiente","-",INDEX($CS$6:$CS$53,MATCH($AF32,$BD$6:$BD$53,0)))} -> P.1 (4) | X32: 46198.917 | Y32: 46198.917 | Z32: {=$Z$8} -> J3 | AA32: {=A32} -> Turquía | AC32: 2 | AD32: 1 | AF32: {=A29} -> Estados Unidos | AG32: {=IF(NOT(OR(ISBLANK(AC32),ISBLANK(AD32))),1,0)} -> 1 | AH32: 59 | AI32: {=AJ32&$B$28} -> 3D | AJ32: 3 | AL32: {=IFERROR(INDEX($BD$6:$BD$53,MATCH(AI32,$BN$6:$BN$53,0)),"")} -> Australia | AM32: {=INDEX($BE$6:$BN$53,MATCH($AL32,$BD$6:$BD$53,0),MATCH(AM$5,$BE$5:$BN$5,0))} -> 0 | AN32: {=INDEX($BE$6:$BN$53,MATCH($AL32,$BD$6:$BD$53,0),MATCH(AN$5,$BE$5:$BN$5,0))} -> 3 | AO32: {=INDEX($BE$6:$BN$53,MATCH($AL32,$BD$6:$BD$53,0),MATCH(AO$5,$BE$5:$BN$5,0))} -> 0 | AP32: {=INDEX($BE$6:$BN$53,MATCH($AL32,$BD$6:$BD$53,0),MATCH(AP$5,$BE$5:$BN$5,0))} -> 0 | AQ32: {=INDEX($BE$6:$BN$53,MATCH($AL32,$BD$6:$BD$53,0),MATCH(AQ$5,$BE$5:$BN$5,0))} -> 3 | AR32: {=INDEX($BE$6:$BN$53,MATCH($AL32,$BD$6:$BD$53,0),MATCH(AR$5,$BE$5:$BN$5,0))} -> 1 | AS32: {=INDEX($BE$6:$BN$53,MATCH($AL32,$BD$6:$BD$53,0),MATCH(AS$5,$BE$5:$BN$5,0))} -> 7 | AT32: {=INDEX($BE$6:$BN$53,MATCH($AL32,$BD$6:$BD$53,0),MATCH(AT$5,$BE$5:$BN$5,0))} -> -6 | AU32: {=INDEX($DL$6:$DL$53,MATCH(AI32,$DP$6:$DP$53,0))} -> 4 | AV32: {=INDEX($BD$6:$BD$53,MATCH(AI32,$BM$6:$BM$53,0))} -> Australia | AY32: {=A31} -> Australia | BC32: G | BD32: Irán | BE32: {=BG32*3+BH32+IF($AZ$3="No",0,INDEX($AZ$6:$AZ$97,MATCH(BD32,$AY$6:$AY$97,0)))} -> 1 | BF32: {=BG32+BH32+BI32} -> 3 | BG32: {=COUNTIFS($AA$4:$AA$97,BD32,$D$4:$D$97,"Local")+COUNTIFS($AF$4:$AF$97,BD32,$D$4:$D$97,"Visitante")} -> 0 | BH32: {=COUNTIFS($AA$4:$AA$97,BD32,$D$4:$D$97,"Empate")+COUNTIFS($AF$4:$AF$97,BD32,$D$4:$D$97,"Empate")} -> 1 | BI32: {=COUNTIFS($AF$4:$AF$97,BD32,$D$4:$D$97,"Local")+COUNTIFS($AA$4:$AA$97,BD32,$D$4:$D$97,"Visitante")} -> 2 | BJ32: {=SUMIFS($AC$4:$AC$97,$AA$4:$AA$97,BD32,$D$4:$D$97,"<>"&"Pendiente",$AC$4:$AC$97,"<>"&"",$AD$4:$AD$97,"<>"&"")+SUMIFS($AD$4:$AD$97,$AF$4:$AF$97,BD32,$D$4:$D$97,"<>"&"Pendiente",$AC$4:$AC$97,"<>"&"",$AD$4:$AD$97,"<>"&"")} -> 2 | BK32: {=SUMIFS($AC$4:$AC$97,$AF$4:$AF$97,BD32,$D$4:$D$97,"<>"&"Pendiente",$AC$4:$AC$97,"<>"&"",$AD$4:$AD$97,"<>"&"")+SUMIFS($AD$4:$AD$97,$AA$4:$AA$97,BD32,$D$4:$D$97,"<>"&"Pendiente",$AC$4:$AC$97,"<>"&"",$AD$4:$AD$97,"<>"&"")} -> 7 | BL32: {=BJ32-BK32} -> -5 | BM32: {=DD32&BC32} -> 3G | BN32: {=DH32&BC32} -> 3G | BO32: {=IF(AND($AJ$99=144,BF32>=1),1,0)} -> 0 | BP32: 1 | BQ32: P.1 (4) | BR32: {=IF($BQ32="-","-",BE32)} -> 1 | BS32: 1 | BT32: P.1 (4) | BU32: {=IF($BT32="-","-",COUNTIFS($AA$4:$AA$97,$BD32,$D$4:$D$97,"Local",$F$4:$F$97,$BT32)+COUNTIFS($AF$4:$AF$97,$BD32,$D$4:$D$97,"Visitante",$E$4:$E$97,$BT32))} -> 0 | BV32: {=IF($BT32="-","-",COUNTIFS($AA$4:$AA$97,$BD32,$D$4:$D$97,"Empate",$F$4:$F$97,$BT32)+COUNTIFS($AF$4:$AF$97,$BD32,$D$4:$D$97,"Empate",$E$4:$E$97,$BT32))} -> 1 | BW32: {=IF($BT32="-","-",COUNTIFS($AA$4:$AA$97,$BD32,$D$4:$D$97,"Visitante",$F$4:$F$97,$BT32)+COUNTIFS($AF$4:$AF$97,$BD32,$D$4:$D$97,"Local",$E$4:$E$97,$BT32))} -> 2 | BX32: {=IF($BT32="-","-",BU32*3+BV32)} -> 1 | BY32: 1 | BZ32: P.1 (4) | CA32: {=IF($BZ32="-","-",SUMIFS($AC$4:$AC$97,$AA$4:$AA$97,$BD32,$I$4:$I$97,$BZ32)+SUMIFS($AD$4:$AD$97,$AF$4:$AF$97,$BD32,$H$4:$H$97,$BZ32))} -> 2 | CB32: {=IF($BZ32="-","-",SUMIFS($AD$4:$AD$97,$AA$4:$AA$97,$BD32,$I$4:$I$97,$BZ32)+SUMIFS($AC$4:$AC$97,$AF$4:$AF$97,$BD32,$H$4:$H$97,$BZ32))} -> 7 | CC32: {=IF($BZ32="-","-",CA32-CB32)} -> -5 | CD32: 1 | CE32: P.1 (4) | CF32: {=IF($CE32="-","-",SUMIFS($AC$4:$AC$97,$AA$4:$AA$97,$BD32,$L$4:$L$97,$CE32)+SUMIFS($AD$4:$AD$97,$AF$4:$AF$97,$BD32,$K$4:$K$97,$CE32))} -> 2 | CG32: 1 | CH32: P.1 (4) | CI32: {=IF($CH32="-","-",COUNTIFS($AA$4:$AA$97,$BD32,$D$4:$D$97,"Local",$O$4:$O$97,$CH32)+COUNTIFS($AF$4:$AF$97,$BD32,$D$4:$D$97,"Visitante",$N$4:$N$97,$CH32))} -> 0 | CJ32: {=IF($CH32="-","-",COUNTIFS($AA$4:$AA$97,$BD32,$D$4:$D$97,"Empate",$O$4:$O$97,$CH32)+COUNTIFS($AF$4:$AF$97,$BD32,$D$4:$D$97,"Empate",$N$4:$N$97,$CH32))} -> 1 | CK32: {=IF($CH32="-","-",COUNTIFS($AA$4:$AA$97,$BD32,$D$4:$D$97,"Visitante",$O$4:$O$97,$CH32)+COUNTIFS($AF$4:$AF$97,$BD32,$D$4:$D$97,"Local",$N$4:$N$97,$CH32))} -> 2 | CL32: {=IF($CH32="-","-",CI32*3+CJ32)} -> 1 | CM32: 1 | CN32: P.1 (4) | CO32: {=IF($CN32="-","-",SUMIFS($AC$4:$AC$97,$AA$4:$AA$97,$BD32,$R$4:$R$97,$CN32)+SUMIFS($AD$4:$AD$97,$AF$4:$AF$97,$BD32,$Q$4:$Q$97,$CN32))} -> 2 | CP32: {=IF($CN32="-","-",SUMIFS($AD$4:$AD$97,$AA$4:$AA$97,$BD32,$R$4:$R$97,$CN32)+SUMIFS($AC$4:$AC$97,$AF$4:$AF$97,$BD32,$Q$4:$Q$97,$CN32))} -> 7 | CQ32: {=IF($CN32="-","-",CO32-CP32)} -> -5 | CR32: 1 | CS32: P.1 (4) | CT32: {=IF($CS32="-","-",SUMIFS($AC$4:$AC$97,$AA$4:$AA$97,$BD32,$U$4:$U$97,$CS32)+SUMIFS($AD$4:$AD$97,$AF$4:$AF$97,$BD32,$T$4:$T$97,$CS32))} -> 2 | CU32: 1 | CV32: P.1 (4) | CW32: {=IF(CV32="-","-",BL32)} -> -5 | CX32: 1 | CY32: P.1 (4) | CZ32: {=IF(CY32="-","-",BJ32)} -> 2 | DA32: 1 | DB32: P.1 (4) | DC32: 3 | DD32: 3 | DF32: {=IF(OR(INDEX($AW$6:$AW$97,MATCH($BD32,$AV$6:$AV$97,0))="",DB32="-"),DD32,INDEX($AW$6:$AW$97,MATCH($BD32,$AV$6:$AV$97,0))+DD32/1000)} -> 3 | DG32: 2 | DH32: 3 | DJ32: {=INDEX($DA$6:$DA$53,MATCH($DQ32,$BD$6:$BD$53,0))} -> 1 | DK32: {=SUMIF($BC$6:$BC$53,BC32,$BF$6:$BF$53)} -> 12 | DL32: {=IF(OR(DK32=12,$AJ$99=144),COUNTIFS($DJ$6:$DJ$53,DJ32,$BC$6:$BC$53,BC32),1)} -> 4 | DM32: {=DJ32&"."&DL32} -> 1.4 | DN32: 1 | DP32: 3G | DQ32: {=INDEX($BD$6:$BD$53,MATCH(DP32,$BM$6:$BM$53,0))} -> Irán
D33: {=IF(OR(AC33="",AD33=""),"Pendiente",IF(AC33>AD33,"Local",IF(AC33<AD33,"Visitante","Empate")))} -> Local | E33: {=IF(D33="Pendiente","-",INDEX($BT$6:$BT$53,MATCH($AA33,$BD$6:$BD$53,0)))} -> P.1 (4) | F33: {=IF(D33="Pendiente","-",INDEX($BT$6:$BT$53,MATCH($AF33,$BD$6:$BD$53,0)))} -> P.1 (4) | H33: {=IF(D33="Pendiente","-",INDEX($BZ$6:$BZ$53,MATCH($AA33,$BD$6:$BD$53,0)))} -> P.1 (4) | I33: {=IF(D33="Pendiente","-",INDEX($BZ$6:$BZ$53,MATCH($AF33,$BD$6:$BD$53,0)))} -> P.1 (4) | K33: {=IF(D33="Pendiente","-",INDEX($CE$6:$CE$53,MATCH($AA33,$BD$6:$BD$53,0)))} -> P.1 (4) | L33: {=IF(D33="Pendiente","-",INDEX($CE$6:$CE$53,MATCH($AF33,$BD$6:$BD$53,0)))} -> P.1 (4) | N33: {=IF(D33="Pendiente","-",INDEX($CH$6:$CH$53,MATCH($AA33,$BD$6:$BD$53,0)))} -> P.1 (4) | O33: {=IF(D33="Pendiente","-",INDEX($CH$6:$CH$53,MATCH($AF33,$BD$6:$BD$53,0)))} -> P.1 (4) | Q33: {=IF(D33="Pendiente","-",INDEX($CN$6:$CN$53,MATCH($AA33,$BD$6:$BD$53,0)))} -> P.1 (4) | R33: {=IF(D33="Pendiente","-",INDEX($CN$6:$CN$53,MATCH($AF33,$BD$6:$BD$53,0)))} -> P.1 (4) | T33: {=IF(D33="Pendiente","-",INDEX($CS$6:$CS$53,MATCH($AA33,$BD$6:$BD$53,0)))} -> P.1 (4) | U33: {=IF(D33="Pendiente","-",INDEX($CS$6:$CS$53,MATCH($AF33,$BD$6:$BD$53,0)))} -> P.1 (4) | X33: 46198.917 | Y33: 46198.917 | Z33: {=$Z$8} -> J3 | AA33: {=A30} -> Paraguay | AC33: 1 | AD33: 0 | AF33: {=A31} -> Australia | AG33: {=IF(NOT(OR(ISBLANK(AC33),ISBLANK(AD33))),1,0)} -> 1 | AH33: 60 | AI33: {=AJ33&$B$28} -> 4D | AJ33: 4 | AL33: {=IFERROR(INDEX($BD$6:$BD$53,MATCH(AI33,$BN$6:$BN$53,0)),"")} -> Turquía | AM33: {=INDEX($BE$6:$BN$53,MATCH($AL33,$BD$6:$BD$53,0),MATCH(AM$5,$BE$5:$BN$5,0))} -> 7 | AN33: {=INDEX($BE$6:$BN$53,MATCH($AL33,$BD$6:$BD$53,0),MATCH(AN$5,$BE$5:$BN$5,0))} -> 3 | AO33: {=INDEX($BE$6:$BN$53,MATCH($AL33,$BD$6:$BD$53,0),MATCH(AO$5,$BE$5:$BN$5,0))} -> 2 | AP33: {=INDEX($BE$6:$BN$53,MATCH($AL33,$BD$6:$BD$53,0),MATCH(AP$5,$BE$5:$BN$5,0))} -> 1 | AQ33: {=INDEX($BE$6:$BN$53,MATCH($AL33,$BD$6:$BD$53,0),MATCH(AQ$5,$BE$5:$BN$5,0))} -> 0 | AR33: {=INDEX($BE$6:$BN$53,MATCH($AL33,$BD$6:$BD$53,0),MATCH(AR$5,$BE$5:$BN$5,0))} -> 7 | AS33: {=INDEX($BE$6:$BN$53,MATCH($AL33,$BD$6:$BD$53,0),MATCH(AS$5,$BE$5:$BN$5,0))} -> 2 | AT33: {=INDEX($BE$6:$BN$53,MATCH($AL33,$BD$6:$BD$53,0),MATCH(AT$5,$BE$5:$BN$5,0))} -> 5 | AU33: {=INDEX($DL$6:$DL$53,MATCH(AI33,$DP$6:$DP$53,0))} -> 4 | AV33: {=INDEX($BD$6:$BD$53,MATCH(AI33,$BM$6:$BM$53,0))} -> Turquía | AY33: {=A32} -> Turquía | BC33: G | BD33: Nueva Zelanda | BE33: {=BG33*3+BH33+IF($AZ$3="No",0,INDEX($AZ$6:$AZ$97,MATCH(BD33,$AY$6:$AY$97,0)))} -> 1 | BF33: {=BG33+BH33+BI33} -> 3 | BG33: {=COUNTIFS($AA$4:$AA$97,BD33,$D$4:$D$97,"Local")+COUNTIFS($AF$4:$AF$97,BD33,$D$4:$D$97,"Visitante")} -> 0 | BH33: {=COUNTIFS($AA$4:$AA$97,BD33,$D$4:$D$97,"Empate")+COUNTIFS($AF$4:$AF$97,BD33,$D$4:$D$97,"Empate")} -> 1 | BI33: {=COUNTIFS($AF$4:$AF$97,BD33,$D$4:$D$97,"Local")+COUNTIFS($AA$4:$AA$97,BD33,$D$4:$D$97,"Visitante")} -> 2 | BJ33: {=SUMIFS($AC$4:$AC$97,$AA$4:$AA$97,BD33,$D$4:$D$97,"<>"&"Pendiente",$AC$4:$AC$97,"<>"&"",$AD$4:$AD$97,"<>"&"")+SUMIFS($AD$4:$AD$97,$AF$4:$AF$97,BD33,$D$4:$D$97,"<>"&"Pendiente",$AC$4:$AC$97,"<>"&"",$AD$4:$AD$97,"<>"&"")} -> 1 | BK33: {=SUMIFS($AC$4:$AC$97,$AF$4:$AF$97,BD33,$D$4:$D$97,"<>"&"Pendiente",$AC$4:$AC$97,"<>"&"",$AD$4:$AD$97,"<>"&"")+SUMIFS($AD$4:$AD$97,$AA$4:$AA$97,BD33,$D$4:$D$97,"<>"&"Pendiente",$AC$4:$AC$97,"<>"&"",$AD$4:$AD$97,"<>"&"")} -> 7 | BL33: {=BJ33-BK33} -> -6 | BM33: {=DD33&BC33} -> 4G | BN33: {=DH33&BC33} -> 4G | BO33: {=IF(AND($AJ$99=144,BF33>=1),1,0)} -> 0 | BP33: 1 | BQ33: P.1 (4) | BR33: {=IF($BQ33="-","-",BE33)} -> 1 | BS33: 1 | BT33: P.1 (4) | BU33: {=IF($BT33="-","-",COUNTIFS($AA$4:$AA$97,$BD33,$D$4:$D$97,"Local",$F$4:$F$97,$BT33)+COUNTIFS($AF$4:$AF$97,$BD33,$D$4:$D$97,"Visitante",$E$4:$E$97,$BT33))} -> 0 | BV33: {=IF($BT33="-","-",COUNTIFS($AA$4:$AA$97,$BD33,$D$4:$D$97,"Empate",$F$4:$F$97,$BT33)+COUNTIFS($AF$4:$AF$97,$BD33,$D$4:$D$97,"Empate",$E$4:$E$97,$BT33))} -> 1 | BW33: {=IF($BT33="-","-",COUNTIFS($AA$4:$AA$97,$BD33,$D$4:$D$97,"Visitante",$F$4:$F$97,$BT33)+COUNTIFS($AF$4:$AF$97,$BD33,$D$4:$D$97,"Local",$E$4:$E$97,$BT33))} -> 2 | BX33: {=IF($BT33="-","-",BU33*3+BV33)} -> 1 | BY33: 1 | BZ33: P.1 (4) | CA33: {=IF($BZ33="-","-",SUMIFS($AC$4:$AC$97,$AA$4:$AA$97,$BD33,$I$4:$I$97,$BZ33)+SUMIFS($AD$4:$AD$97,$AF$4:$AF$97,$BD33,$H$4:$H$97,$BZ33))} -> 1 | CB33: {=IF($BZ33="-","-",SUMIFS($AD$4:$AD$97,$AA$4:$AA$97,$BD33,$I$4:$I$97,$BZ33)+SUMIFS($AC$4:$AC$97,$AF$4:$AF$97,$BD33,$H$4:$H$97,$BZ33))} -> 7 | CC33: {=IF($BZ33="-","-",CA33-CB33)} -> -6 | CD33: 1 | CE33: P.1 (4) | CF33: {=IF($CE33="-","-",SUMIFS($AC$4:$AC$97,$AA$4:$AA$97,$BD33,$L$4:$L$97,$CE33)+SUMIFS($AD$4:$AD$97,$AF$4:$AF$97,$BD33,$K$4:$K$97,$CE33))} -> 1 | CG33: 1 | CH33: P.1 (4) | CI33: {=IF($CH33="-","-",COUNTIFS($AA$4:$AA$97,$BD33,$D$4:$D$97,"Local",$O$4:$O$97,$CH33)+COUNTIFS($AF$4:$AF$97,$BD33,$D$4:$D$97,"Visitante",$N$4:$N$97,$CH33))} -> 0 | CJ33: {=IF($CH33="-","-",COUNTIFS($AA$4:$AA$97,$BD33,$D$4:$D$97,"Empate",$O$4:$O$97,$CH33)+COUNTIFS($AF$4:$AF$97,$BD33,$D$4:$D$97,"Empate",$N$4:$N$97,$CH33))} -> 1 | CK33: {=IF($CH33="-","-",COUNTIFS($AA$4:$AA$97,$BD33,$D$4:$D$97,"Visitante",$O$4:$O$97,$CH33)+COUNTIFS($AF$4:$AF$97,$BD33,$D$4:$D$97,"Local",$N$4:$N$97,$CH33))} -> 2 | CL33: {=IF($CH33="-","-",CI33*3+CJ33)} -> 1 | CM33: 1 | CN33: P.1 (4) | CO33: {=IF($CN33="-","-",SUMIFS($AC$4:$AC$97,$AA$4:$AA$97,$BD33,$R$4:$R$97,$CN33)+SUMIFS($AD$4:$AD$97,$AF$4:$AF$97,$BD33,$Q$4:$Q$97,$CN33))} -> 1 | CP33: {=IF($CN33="-","-",SUMIFS($AD$4:$AD$97,$AA$4:$AA$97,$BD33,$R$4:$R$97,$CN33)+SUMIFS($AC$4:$AC$97,$AF$4:$AF$97,$BD33,$Q$4:$Q$97,$CN33))} -> 7 | CQ33: {=IF($CN33="-","-",CO33-CP33)} -> -6 | CR33: 1 | CS33: P.1 (4) | CT33: {=IF($CS33="-","-",SUMIFS($AC$4:$AC$97,$AA$4:$AA$97,$BD33,$U$4:$U$97,$CS33)+SUMIFS($AD$4:$AD$97,$AF$4:$AF$97,$BD33,$T$4:$T$97,$CS33))} -> 1 | CU33: 1 | CV33: P.1 (4) | CW33: {=IF(CV33="-","-",BL33)} -> -6 | CX33: 1 | CY33: P.1 (4) | CZ33: {=IF(CY33="-","-",BJ33)} -> 1 | DA33: 1 | DB33: P.1 (4) | DC33: 4 | DD33: 4 | DF33: {=IF(OR(INDEX($AW$6:$AW$97,MATCH($BD33,$AV$6:$AV$97,0))="",DB33="-"),DD33,INDEX($AW$6:$AW$97,MATCH($BD33,$AV$6:$AV$97,0))+DD33/1000)} -> 4 | DG33: 3 | DH33: 4 | DJ33: {=INDEX($DA$6:$DA$53,MATCH($DQ33,$BD$6:$BD$53,0))} -> 1 | DK33: {=SUMIF($BC$6:$BC$53,BC33,$BF$6:$BF$53)} -> 12 | DL33: {=IF(OR(DK33=12,$AJ$99=144),COUNTIFS($DJ$6:$DJ$53,DJ33,$BC$6:$BC$53,BC33),1)} -> 4 | DM33: {=DJ33&"."&DL33} -> 1.4 | DN33: 1 | DP33: 4G | DQ33: {=INDEX($BD$6:$BD$53,MATCH(DP33,$BM$6:$BM$53,0))} -> Nueva Zelanda
BC34: H | BD34: España | BE34: {=BG34*3+BH34+IF($AZ$3="No",0,INDEX($AZ$6:$AZ$97,MATCH(BD34,$AY$6:$AY$97,0)))} -> 9 | BF34: {=BG34+BH34+BI34} -> 3 | BG34: {=COUNTIFS($AA$4:$AA$97,BD34,$D$4:$D$97,"Local")+COUNTIFS($AF$4:$AF$97,BD34,$D$4:$D$97,"Visitante")} -> 3 | BH34: {=COUNTIFS($AA$4:$AA$97,BD34,$D$4:$D$97,"Empate")+COUNTIFS($AF$4:$AF$97,BD34,$D$4:$D$97,"Empate")} -> 0 | BI34: {=COUNTIFS($AF$4:$AF$97,BD34,$D$4:$D$97,"Local")+COUNTIFS($AA$4:$AA$97,BD34,$D$4:$D$97,"Visitante")} -> 0 | BJ34: {=SUMIFS($AC$4:$AC$97,$AA$4:$AA$97,BD34,$D$4:$D$97,"<>"&"Pendiente",$AC$4:$AC$97,"<>"&"",$AD$4:$AD$97,"<>"&"")+SUMIFS($AD$4:$AD$97,$AF$4:$AF$97,BD34,$D$4:$D$97,"<>"&"Pendiente",$AC$4:$AC$97,"<>"&"",$AD$4:$AD$97,"<>"&"")} -> 10 | BK34: {=SUMIFS($AC$4:$AC$97,$AF$4:$AF$97,BD34,$D$4:$D$97,"<>"&"Pendiente",$AC$4:$AC$97,"<>"&"",$AD$4:$AD$97,"<>"&"")+SUMIFS($AD$4:$AD$97,$AA$4:$AA$97,BD34,$D$4:$D$97,"<>"&"Pendiente",$AC$4:$AC$97,"<>"&"",$AD$4:$AD$97,"<>"&"")} -> 1 | BL34: {=BJ34-BK34} -> 9 | BM34: {=DD34&BC34} -> 1H | BN34: {=DH34&BC34} -> 1H | BO34: {=IF(AND($AJ$99=144,BF34>=1),1,0)} -> 0 | BP34: 1 | BQ34: P.1 (4) | BR34: {=IF($BQ34="-","-",BE34)} -> 9 | BS34: 1 | BT34: P.1 (4) | BU34: {=IF($BT34="-","-",COUNTIFS($AA$4:$AA$97,$BD34,$D$4:$D$97,"Local",$F$4:$F$97,$BT34)+COUNTIFS($AF$4:$AF$97,$BD34,$D$4:$D$97,"Visitante",$E$4:$E$97,$BT34))} -> 3 | BV34: {=IF($BT34="-","-",COUNTIFS($AA$4:$AA$97,$BD34,$D$4:$D$97,"Empate",$F$4:$F$97,$BT34)+COUNTIFS($AF$4:$AF$97,$BD34,$D$4:$D$97,"Empate",$E$4:$E$97,$BT34))} -> 0 | BW34: {=IF($BT34="-","-",COUNTIFS($AA$4:$AA$97,$BD34,$D$4:$D$97,"Visitante",$F$4:$F$97,$BT34)+COUNTIFS($AF$4:$AF$97,$BD34,$D$4:$D$97,"Local",$E$4:$E$97,$BT34))} -> 0 | BX34: {=IF($BT34="-","-",BU34*3+BV34)} -> 9 | BY34: 1 | BZ34: P.1 (4) | CA34: {=IF($BZ34="-","-",SUMIFS($AC$4:$AC$97,$AA$4:$AA$97,$BD34,$I$4:$I$97,$BZ34)+SUMIFS($AD$4:$AD$97,$AF$4:$AF$97,$BD34,$H$4:$H$97,$BZ34))} -> 10 | CB34: {=IF($BZ34="-","-",SUMIFS($AD$4:$AD$97,$AA$4:$AA$97,$BD34,$I$4:$I$97,$BZ34)+SUMIFS($AC$4:$AC$97,$AF$4:$AF$97,$BD34,$H$4:$H$97,$BZ34))} -> 1 | CC34: {=IF($BZ34="-","-",CA34-CB34)} -> 9 | CD34: 1 | CE34: P.1 (4) | CF34: {=IF($CE34="-","-",SUMIFS($AC$4:$AC$97,$AA$4:$AA$97,$BD34,$L$4:$L$97,$CE34)+SUMIFS($AD$4:$AD$97,$AF$4:$AF$97,$BD34,$K$4:$K$97,$CE34))} -> 10 | CG34: 1 | CH34: P.1 (4) | CI34: {=IF($CH34="-","-",COUNTIFS($AA$4:$AA$97,$BD34,$D$4:$D$97,"Local",$O$4:$O$97,$CH34)+COUNTIFS($AF$4:$AF$97,$BD34,$D$4:$D$97,"Visitante",$N$4:$N$97,$CH34))} -> 3 | CJ34: {=IF($CH34="-","-",COUNTIFS($AA$4:$AA$97,$BD34,$D$4:$D$97,"Empate",$O$4:$O$97,$CH34)+COUNTIFS($AF$4:$AF$97,$BD34,$D$4:$D$97,"Empate",$N$4:$N$97,$CH34))} -> 0 | CK34: {=IF($CH34="-","-",COUNTIFS($AA$4:$AA$97,$BD34,$D$4:$D$97,"Visitante",$O$4:$O$97,$CH34)+COUNTIFS($AF$4:$AF$97,$BD34,$D$4:$D$97,"Local",$N$4:$N$97,$CH34))} -> 0 | CL34: {=IF($CH34="-","-",CI34*3+CJ34)} -> 9 | CM34: 1 | CN34: P.1 (4) | CO34: {=IF($CN34="-","-",SUMIFS($AC$4:$AC$97,$AA$4:$AA$97,$BD34,$R$4:$R$97,$CN34)+SUMIFS($AD$4:$AD$97,$AF$4:$AF$97,$BD34,$Q$4:$Q$97,$CN34))} -> 10 | CP34: {=IF($CN34="-","-",SUMIFS($AD$4:$AD$97,$AA$4:$AA$97,$BD34,$R$4:$R$97,$CN34)+SUMIFS($AC$4:$AC$97,$AF$4:$AF$97,$BD34,$Q$4:$Q$97,$CN34))} -> 1 | CQ34: {=IF($CN34="-","-",CO34-CP34)} -> 9 | CR34: 1 | CS34: P.1 (4) | CT34: {=IF($CS34="-","-",SUMIFS($AC$4:$AC$97,$AA$4:$AA$97,$BD34,$U$4:$U$97,$CS34)+SUMIFS($AD$4:$AD$97,$AF$4:$AF$97,$BD34,$T$4:$T$97,$CS34))} -> 10 | CU34: 1 | CV34: P.1 (4) | CW34: {=IF(CV34="-","-",BL34)} -> 9 | CX34: 1 | CY34: P.1 (4) | CZ34: {=IF(CY34="-","-",BJ34)} -> 10 | DA34: 1 | DB34: P.1 (4) | DC34: 1 | DD34: 1 | DF34: {=IF(OR(INDEX($AW$6:$AW$97,MATCH($BD34,$AV$6:$AV$97,0))="",DB34="-"),DD34,INDEX($AW$6:$AW$97,MATCH($BD34,$AV$6:$AV$97,0))+DD34/1000)} -> 1 | DG34: 0 | DH34: 1 | DJ34: {=INDEX($DA$6:$DA$53,MATCH($DQ34,$BD$6:$BD$53,0))} -> 1 | DK34: {=SUMIF($BC$6:$BC$53,BC34,$BF$6:$BF$53)} -> 12 | DL34: {=IF(OR(DK34=12,$AJ$99=144),COUNTIFS($DJ$6:$DJ$53,DJ34,$BC$6:$BC$53,BC34),1)} -> 4 | DM34: {=DJ34&"."&DL34} -> 1.4 | DN34: 1 | DP34: 1H | DQ34: {=INDEX($BD$6:$BD$53,MATCH(DP34,$BM$6:$BM$53,0))} -> España
X35: {=X19} -> Fecha | Y35: {=Y19} -> Hora | Z35: {=Z19} -> Jor. | AA35: {=AA19} -> Casa | AC35: {=AC3} -> Gol | AD35: {=AD3} -> Gol | AF35: {=AF19} -> Fuera | BC35: H | BD35: Cabo Verde | BE35: {=BG35*3+BH35+IF($AZ$3="No",0,INDEX($AZ$6:$AZ$97,MATCH(BD35,$AY$6:$AY$97,0)))} -> 0 | BF35: {=BG35+BH35+BI35} -> 3 | BG35: {=COUNTIFS($AA$4:$AA$97,BD35,$D$4:$D$97,"Local")+COUNTIFS($AF$4:$AF$97,BD35,$D$4:$D$97,"Visitante")} -> 0 | BH35: {=COUNTIFS($AA$4:$AA$97,BD35,$D$4:$D$97,"Empate")+COUNTIFS($AF$4:$AF$97,BD35,$D$4:$D$97,"Empate")} -> 0 | BI35: {=COUNTIFS($AF$4:$AF$97,BD35,$D$4:$D$97,"Local")+COUNTIFS($AA$4:$AA$97,BD35,$D$4:$D$97,"Visitante")} -> 3 | BJ35: {=SUMIFS($AC$4:$AC$97,$AA$4:$AA$97,BD35,$D$4:$D$97,"<>"&"Pendiente",$AC$4:$AC$97,"<>"&"",$AD$4:$AD$97,"<>"&"")+SUMIFS($AD$4:$AD$97,$AF$4:$AF$97,BD35,$D$4:$D$97,"<>"&"Pendiente",$AC$4:$AC$97,"<>"&"",$AD$4:$AD$97,"<>"&"")} -> 0 | BK35: {=SUMIFS($AC$4:$AC$97,$AF$4:$AF$97,BD35,$D$4:$D$97,"<>"&"Pendiente",$AC$4:$AC$97,"<>"&"",$AD$4:$AD$97,"<>"&"")+SUMIFS($AD$4:$AD$97,$AA$4:$AA$97,BD35,$D$4:$D$97,"<>"&"Pendiente",$AC$4:$AC$97,"<>"&"",$AD$4:$AD$97,"<>"&"")} -> 9 | BL35: {=BJ35-BK35} -> -9 | BM35: {=DD35&BC35} -> 2H | BN35: {=DH35&BC35} -> 2H | BO35: {=IF(AND($AJ$99=144,BF35>=1),1,0)} -> 0 | BP35: 1 | BQ35: P.1 (4) | BR35: {=IF($BQ35="-","-",BE35)} -> 0 | BS35: 1 | BT35: P.1 (4) | BU35: {=IF($BT35="-","-",COUNTIFS($AA$4:$AA$97,$BD35,$D$4:$D$97,"Local",$F$4:$F$97,$BT35)+COUNTIFS($AF$4:$AF$97,$BD35,$D$4:$D$97,"Visitante",$E$4:$E$97,$BT35))} -> 0 | BV35: {=IF($BT35="-","-",COUNTIFS($AA$4:$AA$97,$BD35,$D$4:$D$97,"Empate",$F$4:$F$97,$BT35)+COUNTIFS($AF$4:$AF$97,$BD35,$D$4:$D$97,"Empate",$E$4:$E$97,$BT35))} -> 0 | BW35: {=IF($BT35="-","-",COUNTIFS($AA$4:$AA$97,$BD35,$D$4:$D$97,"Visitante",$F$4:$F$97,$BT35)+COUNTIFS($AF$4:$AF$97,$BD35,$D$4:$D$97,"Local",$E$4:$E$97,$BT35))} -> 3 | BX35: {=IF($BT35="-","-",BU35*3+BV35)} -> 0 | BY35: 1 | BZ35: P.1 (4) | CA35: {=IF($BZ35="-","-",SUMIFS($AC$4:$AC$97,$AA$4:$AA$97,$BD35,$I$4:$I$97,$BZ35)+SUMIFS($AD$4:$AD$97,$AF$4:$AF$97,$BD35,$H$4:$H$97,$BZ35))} -> 0 | CB35: {=IF($BZ35="-","-",SUMIFS($AD$4:$AD$97,$AA$4:$AA$97,$BD35,$I$4:$I$97,$BZ35)+SUMIFS($AC$4:$AC$97,$AF$4:$AF$97,$BD35,$H$4:$H$97,$BZ35))} -> 9 | CC35: {=IF($BZ35="-","-",CA35-CB35)} -> -9 | CD35: 1 | CE35: P.1 (4) | CF35: {=IF($CE35="-","-",SUMIFS($AC$4:$AC$97,$AA$4:$AA$97,$BD35,$L$4:$L$97,$CE35)+SUMIFS($AD$4:$AD$97,$AF$4:$AF$97,$BD35,$K$4:$K$97,$CE35))} -> 0 | CG35: 1 | CH35: P.1 (4) | CI35: {=IF($CH35="-","-",COUNTIFS($AA$4:$AA$97,$BD35,$D$4:$D$97,"Local",$O$4:$O$97,$CH35)+COUNTIFS($AF$4:$AF$97,$BD35,$D$4:$D$97,"Visitante",$N$4:$N$97,$CH35))} -> 0 | CJ35: {=IF($CH35="-","-",COUNTIFS($AA$4:$AA$97,$BD35,$D$4:$D$97,"Empate",$O$4:$O$97,$CH35)+COUNTIFS($AF$4:$AF$97,$BD35,$D$4:$D$97,"Empate",$N$4:$N$97,$CH35))} -> 0 | CK35: {=IF($CH35="-","-",COUNTIFS($AA$4:$AA$97,$BD35,$D$4:$D$97,"Visitante",$O$4:$O$97,$CH35)+COUNTIFS($AF$4:$AF$97,$BD35,$D$4:$D$97,"Local",$N$4:$N$97,$CH35))} -> 3 | CL35: {=IF($CH35="-","-",CI35*3+CJ35)} -> 0 | CM35: 1 | CN35: P.1 (4) | CO35: {=IF($CN35="-","-",SUMIFS($AC$4:$AC$97,$AA$4:$AA$97,$BD35,$R$4:$R$97,$CN35)+SUMIFS($AD$4:$AD$97,$AF$4:$AF$97,$BD35,$Q$4:$Q$97,$CN35))} -> 0 | CP35: {=IF($CN35="-","-",SUMIFS($AD$4:$AD$97,$AA$4:$AA$97,$BD35,$R$4:$R$97,$CN35)+SUMIFS($AC$4:$AC$97,$AF$4:$AF$97,$BD35,$Q$4:$Q$97,$CN35))} -> 9 | CQ35: {=IF($CN35="-","-",CO35-CP35)} -> -9 | CR35: 1 | CS35: P.1 (4) | CT35: {=IF($CS35="-","-",SUMIFS($AC$4:$AC$97,$AA$4:$AA$97,$BD35,$U$4:$U$97,$CS35)+SUMIFS($AD$4:$AD$97,$AF$4:$AF$97,$BD35,$T$4:$T$97,$CS35))} -> 0 | CU35: 1 | CV35: P.1 (4) | CW35: {=IF(CV35="-","-",BL35)} -> -9 | CX35: 1 | CY35: P.1 (4) | CZ35: {=IF(CY35="-","-",BJ35)} -> 0 | DA35: 1 | DB35: P.1 (4) | DC35: 2 | DD35: 2 | DF35: {=IF(OR(INDEX($AW$6:$AW$97,MATCH($BD35,$AV$6:$AV$97,0))="",DB35="-"),DD35,INDEX($AW$6:$AW$97,MATCH($BD35,$AV$6:$AV$97,0))+DD35/1000)} -> 2 | DG35: 1 | DH35: 2 | DJ35: {=INDEX($DA$6:$DA$53,MATCH($DQ35,$BD$6:$BD$53,0))} -> 1 | DK35: {=SUMIF($BC$6:$BC$53,BC35,$BF$6:$BF$53)} -> 12 | DL35: {=IF(OR(DK35=12,$AJ$99=144),COUNTIFS($DJ$6:$DJ$53,DJ35,$BC$6:$BC$53,BC35),1)} -> 4 | DM35: {=DJ35&"."&DL35} -> 1.4 | DN35: 1 | DP35: 2H | DQ35: {=INDEX($BD$6:$BD$53,MATCH(DP35,$BM$6:$BM$53,0))} -> Cabo Verde
A36: NombreEquipo | B36: E | C36: 4 | D36: {=IF(OR(AC36="",AD36=""),"Pendiente",IF(AC36>AD36,"Local",IF(AC36<AD36,"Visitante","Empate")))} -> Local | E36: {=IF(D36="Pendiente","-",INDEX($BT$6:$BT$53,MATCH($AA36,$BD$6:$BD$53,0)))} -> P.1 (4) | F36: {=IF(D36="Pendiente","-",INDEX($BT$6:$BT$53,MATCH($AF36,$BD$6:$BD$53,0)))} -> P.1 (4) | H36: {=IF(D36="Pendiente","-",INDEX($BZ$6:$BZ$53,MATCH($AA36,$BD$6:$BD$53,0)))} -> P.1 (4) | I36: {=IF(D36="Pendiente","-",INDEX($BZ$6:$BZ$53,MATCH($AF36,$BD$6:$BD$53,0)))} -> P.1 (4) | K36: {=IF(D36="Pendiente","-",INDEX($CE$6:$CE$53,MATCH($AA36,$BD$6:$BD$53,0)))} -> P.1 (4) | L36: {=IF(D36="Pendiente","-",INDEX($CE$6:$CE$53,MATCH($AF36,$BD$6:$BD$53,0)))} -> P.1 (4) | N36: {=IF(D36="Pendiente","-",INDEX($CH$6:$CH$53,MATCH($AA36,$BD$6:$BD$53,0)))} -> P.1 (4) | O36: {=IF(D36="Pendiente","-",INDEX($CH$6:$CH$53,MATCH($AF36,$BD$6:$BD$53,0)))} -> P.1 (4) | Q36: {=IF(D36="Pendiente","-",INDEX($CN$6:$CN$53,MATCH($AA36,$BD$6:$BD$53,0)))} -> P.1 (4) | R36: {=IF(D36="Pendiente","-",INDEX($CN$6:$CN$53,MATCH($AF36,$BD$6:$BD$53,0)))} -> P.1 (4) | T36: {=IF(D36="Pendiente","-",INDEX($CS$6:$CS$53,MATCH($AA36,$BD$6:$BD$53,0)))} -> P.1 (4) | U36: {=IF(D36="Pendiente","-",INDEX($CS$6:$CS$53,MATCH($AF36,$BD$6:$BD$53,0)))} -> P.1 (4) | W36: E | X36: 46187.542 | Y36: 46187.542 | Z36: {=$Z$4} -> J1 | AA36: {=A37} -> Alemania | AC36: 5 | AD36: 0 | AF36: {=A38} -> Curazao | AG36: {=IF(NOT(OR(ISBLANK(AC36),ISBLANK(AD36))),1,0)} -> 1 | AH36: 10 | AJ36: {=CONCATENATE(AJ3," ",B36)} -> Grupo E | AV36: {=IF(AU37>0,$AV$3,"")} -> ¡EMPATE! Puedes seleccionar el orden de los empatados. | BC36: H | BD36: Arabia Saudita | BE36: {=BG36*3+BH36+IF($AZ$3="No",0,INDEX($AZ$6:$AZ$97,MATCH(BD36,$AY$6:$AY$97,0)))} -> 3 | BF36: {=BG36+BH36+BI36} -> 3 | BG36: {=COUNTIFS($AA$4:$AA$97,BD36,$D$4:$D$97,"Local")+COUNTIFS($AF$4:$AF$97,BD36,$D$4:$D$97,"Visitante")} -> 1 | BH36: {=COUNTIFS($AA$4:$AA$97,BD36,$D$4:$D$97,"Empate")+COUNTIFS($AF$4:$AF$97,BD36,$D$4:$D$97,"Empate")} -> 0 | BI36: {=COUNTIFS($AF$4:$AF$97,BD36,$D$4:$D$97,"Local")+COUNTIFS($AA$4:$AA$97,BD36,$D$4:$D$97,"Visitante")} -> 2 | BJ36: {=SUMIFS($AC$4:$AC$97,$AA$4:$AA$97,BD36,$D$4:$D$97,"<>"&"Pendiente",$AC$4:$AC$97,"<>"&"",$AD$4:$AD$97,"<>"&"")+SUMIFS($AD$4:$AD$97,$AF$4:$AF$97,BD36,$D$4:$D$97,"<>"&"Pendiente",$AC$4:$AC$97,"<>"&"",$AD$4:$AD$97,"<>"&"")} -> 2 | BK36: {=SUMIFS($AC$4:$AC$97,$AF$4:$AF$97,BD36,$D$4:$D$97,"<>"&"Pendiente",$AC$4:$AC$97,"<>"&"",$AD$4:$AD$97,"<>"&"")+SUMIFS($AD$4:$AD$97,$AA$4:$AA$97,BD36,$D$4:$D$97,"<>"&"Pendiente",$AC$4:$AC$97,"<>"&"",$AD$4:$AD$97,"<>"&"")} -> 7 | BL36: {=BJ36-BK36} -> -5 | BM36: {=DD36&BC36} -> 3H | BN36: {=DH36&BC36} -> 3H | BO36: {=IF(AND($AJ$99=144,BF36>=1),1,0)} -> 0 | BP36: 1 | BQ36: P.1 (4) | BR36: {=IF($BQ36="-","-",BE36)} -> 3 | BS36: 1 | BT36: P.1 (4) | BU36: {=IF($BT36="-","-",COUNTIFS($AA$4:$AA$97,$BD36,$D$4:$D$97,"Local",$F$4:$F$97,$BT36)+COUNTIFS($AF$4:$AF$97,$BD36,$D$4:$D$97,"Visitante",$E$4:$E$97,$BT36))} -> 1 | BV36: {=IF($BT36="-","-",COUNTIFS($AA$4:$AA$97,$BD36,$D$4:$D$97,"Empate",$F$4:$F$97,$BT36)+COUNTIFS($AF$4:$AF$97,$BD36,$D$4:$D$97,"Empate",$E$4:$E$97,$BT36))} -> 0 | BW36: {=IF($BT36="-","-",COUNTIFS($AA$4:$AA$97,$BD36,$D$4:$D$97,"Visitante",$F$4:$F$97,$BT36)+COUNTIFS($AF$4:$AF$97,$BD36,$D$4:$D$97,"Local",$E$4:$E$97,$BT36))} -> 2 | BX36: {=IF($BT36="-","-",BU36*3+BV36)} -> 3 | BY36: 1 | BZ36: P.1 (4) | CA36: {=IF($BZ36="-","-",SUMIFS($AC$4:$AC$97,$AA$4:$AA$97,$BD36,$I$4:$I$97,$BZ36)+SUMIFS($AD$4:$AD$97,$AF$4:$AF$97,$BD36,$H$4:$H$97,$BZ36))} -> 2 | CB36: {=IF($BZ36="-","-",SUMIFS($AD$4:$AD$97,$AA$4:$AA$97,$BD36,$I$4:$I$97,$BZ36)+SUMIFS($AC$4:$AC$97,$AF$4:$AF$97,$BD36,$H$4:$H$97,$BZ36))} -> 7 | CC36: {=IF($BZ36="-","-",CA36-CB36)} -> -5 | CD36: 1 | CE36: P.1 (4) | CF36: {=IF($CE36="-","-",SUMIFS($AC$4:$AC$97,$AA$4:$AA$97,$BD36,$L$4:$L$97,$CE36)+SUMIFS($AD$4:$AD$97,$AF$4:$AF$97,$BD36,$K$4:$K$97,$CE36))} -> 2 | CG36: 1 | CH36: P.1 (4) | CI36: {=IF($CH36="-","-",COUNTIFS($AA$4:$AA$97,$BD36,$D$4:$D$97,"Local",$O$4:$O$97,$CH36)+COUNTIFS($AF$4:$AF$97,$BD36,$D$4:$D$97,"Visitante",$N$4:$N$97,$CH36))} -> 1 | CJ36: {=IF($CH36="-","-",COUNTIFS($AA$4:$AA$97,$BD36,$D$4:$D$97,"Empate",$O$4:$O$97,$CH36)+COUNTIFS($AF$4:$AF$97,$BD36,$D$4:$D$97,"Empate",$N$4:$N$97,$CH36))} -> 0 | CK36: {=IF($CH36="-","-",COUNTIFS($AA$4:$AA$97,$BD36,$D$4:$D$97,"Visitante",$O$4:$O$97,$CH36)+COUNTIFS($AF$4:$AF$97,$BD36,$D$4:$D$97,"Local",$N$4:$N$97,$CH36))} -> 2 | CL36: {=IF($CH36="-","-",CI36*3+CJ36)} -> 3 | CM36: 1 | CN36: P.1 (4) | CO36: {=IF($CN36="-","-",SUMIFS($AC$4:$AC$97,$AA$4:$AA$97,$BD36,$R$4:$R$97,$CN36)+SUMIFS($AD$4:$AD$97,$AF$4:$AF$97,$BD36,$Q$4:$Q$97,$CN36))} -> 2 | CP36: {=IF($CN36="-","-",SUMIFS($AD$4:$AD$97,$AA$4:$AA$97,$BD36,$R$4:$R$97,$CN36)+SUMIFS($AC$4:$AC$97,$AF$4:$AF$97,$BD36,$Q$4:$Q$97,$CN36))} -> 7 | CQ36: {=IF($CN36="-","-",CO36-CP36)} -> -5 | CR36: 1 | CS36: P.1 (4) | CT36: {=IF($CS36="-","-",SUMIFS($AC$4:$AC$97,$AA$4:$AA$97,$BD36,$U$4:$U$97,$CS36)+SUMIFS($AD$4:$AD$97,$AF$4:$AF$97,$BD36,$T$4:$T$97,$CS36))} -> 2 | CU36: 1 | CV36: P.1 (4) | CW36: {=IF(CV36="-","-",BL36)} -> -5 | CX36: 1 | CY36: P.1 (4) | CZ36: {=IF(CY36="-","-",BJ36)} -> 2 | DA36: 1 | DB36: P.1 (4) | DC36: 3 | DD36: 3 | DF36: {=IF(OR(INDEX($AW$6:$AW$97,MATCH($BD36,$AV$6:$AV$97,0))="",DB36="-"),DD36,INDEX($AW$6:$AW$97,MATCH($BD36,$AV$6:$AV$97,0))+DD36/1000)} -> 3 | DG36: 2 | DH36: 3 | DJ36: {=INDEX($DA$6:$DA$53,MATCH($DQ36,$BD$6:$BD$53,0))} -> 1 | DK36: {=SUMIF($BC$6:$BC$53,BC36,$BF$6:$BF$53)} -> 12 | DL36: {=IF(OR(DK36=12,$AJ$99=144),COUNTIFS($DJ$6:$DJ$53,DJ36,$BC$6:$BC$53,BC36),1)} -> 4 | DM36: {=DJ36&"."&DL36} -> 1.4 | DN36: 1 | DP36: 3H | DQ36: {=INDEX($BD$6:$BD$53,MATCH(DP36,$BM$6:$BM$53,0))} -> Arabia Saudita
A37: Alemania | D37: {=IF(OR(AC37="",AD37=""),"Pendiente",IF(AC37>AD37,"Local",IF(AC37<AD37,"Visitante","Empate")))} -> Visitante | E37: {=IF(D37="Pendiente","-",INDEX($BT$6:$BT$53,MATCH($AA37,$BD$6:$BD$53,0)))} -> P.1 (4) | F37: {=IF(D37="Pendiente","-",INDEX($BT$6:$BT$53,MATCH($AF37,$BD$6:$BD$53,0)))} -> P.1 (4) | H37: {=IF(D37="Pendiente","-",INDEX($BZ$6:$BZ$53,MATCH($AA37,$BD$6:$BD$53,0)))} -> P.1 (4) | I37: {=IF(D37="Pendiente","-",INDEX($BZ$6:$BZ$53,MATCH($AF37,$BD$6:$BD$53,0)))} -> P.1 (4) | K37: {=IF(D37="Pendiente","-",INDEX($CE$6:$CE$53,MATCH($AA37,$BD$6:$BD$53,0)))} -> P.1 (4) | L37: {=IF(D37="Pendiente","-",INDEX($CE$6:$CE$53,MATCH($AF37,$BD$6:$BD$53,0)))} -> P.1 (4) | N37: {=IF(D37="Pendiente","-",INDEX($CH$6:$CH$53,MATCH($AA37,$BD$6:$BD$53,0)))} -> P.1 (4) | O37: {=IF(D37="Pendiente","-",INDEX($CH$6:$CH$53,MATCH($AF37,$BD$6:$BD$53,0)))} -> P.1 (4) | Q37: {=IF(D37="Pendiente","-",INDEX($CN$6:$CN$53,MATCH($AA37,$BD$6:$BD$53,0)))} -> P.1 (4) | R37: {=IF(D37="Pendiente","-",INDEX($CN$6:$CN$53,MATCH($AF37,$BD$6:$BD$53,0)))} -> P.1 (4) | T37: {=IF(D37="Pendiente","-",INDEX($CS$6:$CS$53,MATCH($AA37,$BD$6:$BD$53,0)))} -> P.1 (4) | U37: {=IF(D37="Pendiente","-",INDEX($CS$6:$CS$53,MATCH($AF37,$BD$6:$BD$53,0)))} -> P.1 (4) | X37: 46187.792 | Y37: 46187.792 | Z37: {=$Z$4} -> J1 | AA37: {=A39} -> Costa de Marfil | AC37: 0 | AD37: 4 | AF37: {=A40} -> Ecuador | AG37: {=IF(NOT(OR(ISBLANK(AC37),ISBLANK(AD37))),1,0)} -> 1 | AH37: 9 | AJ37: {=AJ5} -> Pos | AL37: {=AL5} -> Selección | AM37: {=AM5} -> Pts | AN37: {=AN5} -> J | AO37: {=AO5} -> G | AP37: {=AP5} -> E | AQ37: {=AQ5} -> P | AR37: {=AR5} -> GF | AS37: {=AS5} -> GC | AT37: {=AT5} -> DG | AU37: {=COUNTIF(AU38:AU41,">1")} -> 4 | AY37: {=AL37} -> Selección | AZ37: Puntos penalizados | BC37: H | BD37: Uruguay | BE37: {=BG37*3+BH37+IF($AZ$3="No",0,INDEX($AZ$6:$AZ$97,MATCH(BD37,$AY$6:$AY$97,0)))} -> 6 | BF37: {=BG37+BH37+BI37} -> 3 | BG37: {=COUNTIFS($AA$4:$AA$97,BD37,$D$4:$D$97,"Local")+COUNTIFS($AF$4:$AF$97,BD37,$D$4:$D$97,"Visitante")} -> 2 | BH37: {=COUNTIFS($AA$4:$AA$97,BD37,$D$4:$D$97,"Empate")+COUNTIFS($AF$4:$AF$97,BD37,$D$4:$D$97,"Empate")} -> 0 | BI37: {=COUNTIFS($AF$4:$AF$97,BD37,$D$4:$D$97,"Local")+COUNTIFS($AA$4:$AA$97,BD37,$D$4:$D$97,"Visitante")} -> 1 | BJ37: {=SUMIFS($AC$4:$AC$97,$AA$4:$AA$97,BD37,$D$4:$D$97,"<>"&"Pendiente",$AC$4:$AC$97,"<>"&"",$AD$4:$AD$97,"<>"&"")+SUMIFS($AD$4:$AD$97,$AF$4:$AF$97,BD37,$D$4:$D$97,"<>"&"Pendiente",$AC$4:$AC$97,"<>"&"",$AD$4:$AD$97,"<>"&"")} -> 8 | BK37: {=SUMIFS($AC$4:$AC$97,$AF$4:$AF$97,BD37,$D$4:$D$97,"<>"&"Pendiente",$AC$4:$AC$97,"<>"&"",$AD$4:$AD$97,"<>"&"")+SUMIFS($AD$4:$AD$97,$AA$4:$AA$97,BD37,$D$4:$D$97,"<>"&"Pendiente",$AC$4:$AC$97,"<>"&"",$AD$4:$AD$97,"<>"&"")} -> 3 | BL37: {=BJ37-BK37} -> 5 | BM37: {=DD37&BC37} -> 4H | BN37: {=DH37&BC37} -> 4H | BO37: {=IF(AND($AJ$99=144,BF37>=1),1,0)} -> 0 | BP37: 1 | BQ37: P.1 (4) | BR37: {=IF($BQ37="-","-",BE37)} -> 6 | BS37: 1 | BT37: P.1 (4) | BU37: {=IF($BT37="-","-",COUNTIFS($AA$4:$AA$97,$BD37,$D$4:$D$97,"Local",$F$4:$F$97,$BT37)+COUNTIFS($AF$4:$AF$97,$BD37,$D$4:$D$97,"Visitante",$E$4:$E$97,$BT37))} -> 2 | BV37: {=IF($BT37="-","-",COUNTIFS($AA$4:$AA$97,$BD37,$D$4:$D$97,"Empate",$F$4:$F$97,$BT37)+COUNTIFS($AF$4:$AF$97,$BD37,$D$4:$D$97,"Empate",$E$4:$E$97,$BT37))} -> 0 | BW37: {=IF($BT37="-","-",COUNTIFS($AA$4:$AA$97,$BD37,$D$4:$D$97,"Visitante",$F$4:$F$97,$BT37)+COUNTIFS($AF$4:$AF$97,$BD37,$D$4:$D$97,"Local",$E$4:$E$97,$BT37))} -> 1 | BX37: {=IF($BT37="-","-",BU37*3+BV37)} -> 6 | BY37: 1 | BZ37: P.1 (4) | CA37: {=IF($BZ37="-","-",SUMIFS($AC$4:$AC$97,$AA$4:$AA$97,$BD37,$I$4:$I$97,$BZ37)+SUMIFS($AD$4:$AD$97,$AF$4:$AF$97,$BD37,$H$4:$H$97,$BZ37))} -> 8 | CB37: {=IF($BZ37="-","-",SUMIFS($AD$4:$AD$97,$AA$4:$AA$97,$BD37,$I$4:$I$97,$BZ37)+SUMIFS($AC$4:$AC$97,$AF$4:$AF$97,$BD37,$H$4:$H$97,$BZ37))} -> 3 | CC37: {=IF($BZ37="-","-",CA37-CB37)} -> 5 | CD37: 1 | CE37: P.1 (4) | CF37: {=IF($CE37="-","-",SUMIFS($AC$4:$AC$97,$AA$4:$AA$97,$BD37,$L$4:$L$97,$CE37)+SUMIFS($AD$4:$AD$97,$AF$4:$AF$97,$BD37,$K$4:$K$97,$CE37))} -> 8 | CG37: 1 | CH37: P.1 (4) | CI37: {=IF($CH37="-","-",COUNTIFS($AA$4:$AA$97,$BD37,$D$4:$D$97,"Local",$O$4:$O$97,$CH37)+COUNTIFS($AF$4:$AF$97,$BD37,$D$4:$D$97,"Visitante",$N$4:$N$97,$CH37))} -> 2 | CJ37: {=IF($CH37="-","-",COUNTIFS($AA$4:$AA$97,$BD37,$D$4:$D$97,"Empate",$O$4:$O$97,$CH37)+COUNTIFS($AF$4:$AF$97,$BD37,$D$4:$D$97,"Empate",$N$4:$N$97,$CH37))} -> 0 | CK37: {=IF($CH37="-","-",COUNTIFS($AA$4:$AA$97,$BD37,$D$4:$D$97,"Visitante",$O$4:$O$97,$CH37)+COUNTIFS($AF$4:$AF$97,$BD37,$D$4:$D$97,"Local",$N$4:$N$97,$CH37))} -> 1 | CL37: {=IF($CH37="-","-",CI37*3+CJ37)} -> 6 | CM37: 1 | CN37: P.1 (4) | CO37: {=IF($CN37="-","-",SUMIFS($AC$4:$AC$97,$AA$4:$AA$97,$BD37,$R$4:$R$97,$CN37)+SUMIFS($AD$4:$AD$97,$AF$4:$AF$97,$BD37,$Q$4:$Q$97,$CN37))} -> 8 | CP37: {=IF($CN37="-","-",SUMIFS($AD$4:$AD$97,$AA$4:$AA$97,$BD37,$R$4:$R$97,$CN37)+SUMIFS($AC$4:$AC$97,$AF$4:$AF$97,$BD37,$Q$4:$Q$97,$CN37))} -> 3 | CQ37: {=IF($CN37="-","-",CO37-CP37)} -> 5 | CR37: 1 | CS37: P.1 (4) | CT37: {=IF($CS37="-","-",SUMIFS($AC$4:$AC$97,$AA$4:$AA$97,$BD37,$U$4:$U$97,$CS37)+SUMIFS($AD$4:$AD$97,$AF$4:$AF$97,$BD37,$T$4:$T$97,$CS37))} -> 8 | CU37: 1 | CV37: P.1 (4) | CW37: {=IF(CV37="-","-",BL37)} -> 5 | CX37: 1 | CY37: P.1 (4) | CZ37: {=IF(CY37="-","-",BJ37)} -> 8 | DA37: 1 | DB37: P.1 (4) | DC37: 4 | DD37: 4 | DF37: {=IF(OR(INDEX($AW$6:$AW$97,MATCH($BD37,$AV$6:$AV$97,0))="",DB37="-"),DD37,INDEX($AW$6:$AW$97,MATCH($BD37,$AV$6:$AV$97,0))+DD37/1000)} -> 4 | DG37: 3 | DH37: 4 | DJ37: {=INDEX($DA$6:$DA$53,MATCH($DQ37,$BD$6:$BD$53,0))} -> 1 | DK37: {=SUMIF($BC$6:$BC$53,BC37,$BF$6:$BF$53)} -> 12 | DL37: {=IF(OR(DK37=12,$AJ$99=144),COUNTIFS($DJ$6:$DJ$53,DJ37,$BC$6:$BC$53,BC37),1)} -> 4 | DM37: {=DJ37&"."&DL37} -> 1.4 | DN37: 1 | DP37: 4H | DQ37: {=INDEX($BD$6:$BD$53,MATCH(DP37,$BM$6:$BM$53,0))} -> Uruguay
A38: Curazao | D38: {=IF(OR(AC38="",AD38=""),"Pendiente",IF(AC38>AD38,"Local",IF(AC38<AD38,"Visitante","Empate")))} -> Local | E38: {=IF(D38="Pendiente","-",INDEX($BT$6:$BT$53,MATCH($AA38,$BD$6:$BD$53,0)))} -> P.1 (4) | F38: {=IF(D38="Pendiente","-",INDEX($BT$6:$BT$53,MATCH($AF38,$BD$6:$BD$53,0)))} -> P.1 (4) | H38: {=IF(D38="Pendiente","-",INDEX($BZ$6:$BZ$53,MATCH($AA38,$BD$6:$BD$53,0)))} -> P.1 (4) | I38: {=IF(D38="Pendiente","-",INDEX($BZ$6:$BZ$53,MATCH($AF38,$BD$6:$BD$53,0)))} -> P.1 (4) | K38: {=IF(D38="Pendiente","-",INDEX($CE$6:$CE$53,MATCH($AA38,$BD$6:$BD$53,0)))} -> P.1 (4) | L38: {=IF(D38="Pendiente","-",INDEX($CE$6:$CE$53,MATCH($AF38,$BD$6:$BD$53,0)))} -> P.1 (4) | N38: {=IF(D38="Pendiente","-",INDEX($CH$6:$CH$53,MATCH($AA38,$BD$6:$BD$53,0)))} -> P.1 (4) | O38: {=IF(D38="Pendiente","-",INDEX($CH$6:$CH$53,MATCH($AF38,$BD$6:$BD$53,0)))} -> P.1 (4) | Q38: {=IF(D38="Pendiente","-",INDEX($CN$6:$CN$53,MATCH($AA38,$BD$6:$BD$53,0)))} -> P.1 (4) | R38: {=IF(D38="Pendiente","-",INDEX($CN$6:$CN$53,MATCH($AF38,$BD$6:$BD$53,0)))} -> P.1 (4) | T38: {=IF(D38="Pendiente","-",INDEX($CS$6:$CS$53,MATCH($AA38,$BD$6:$BD$53,0)))} -> P.1 (4) | U38: {=IF(D38="Pendiente","-",INDEX($CS$6:$CS$53,MATCH($AF38,$BD$6:$BD$53,0)))} -> P.1 (4) | X38: 46193.667 | Y38: 46193.667 | Z38: {=$Z$6} -> J2 | AA38: {=A37} -> Alemania | AC38: 3 | AD38: 1 | AF38: {=A39} -> Costa de Marfil | AG38: {=IF(NOT(OR(ISBLANK(AC38),ISBLANK(AD38))),1,0)} -> 1 | AH38: 33 | AI38: {=AJ38&$B$36} -> 1E | AJ38: 1 | AL38: {=IFERROR(INDEX($BD$6:$BD$53,MATCH(AI38,$BN$6:$BN$53,0)),"")} -> Alemania | AM38: {=INDEX($BE$6:$BN$53,MATCH($AL38,$BD$6:$BD$53,0),MATCH(AM$5,$BE$5:$BN$5,0))} -> 9 | AN38: {=INDEX($BE$6:$BN$53,MATCH($AL38,$BD$6:$BD$53,0),MATCH(AN$5,$BE$5:$BN$5,0))} -> 3 | AO38: {=INDEX($BE$6:$BN$53,MATCH($AL38,$BD$6:$BD$53,0),MATCH(AO$5,$BE$5:$BN$5,0))} -> 3 | AP38: {=INDEX($BE$6:$BN$53,MATCH($AL38,$BD$6:$BD$53,0),MATCH(AP$5,$BE$5:$BN$5,0))} -> 0 | AQ38: {=INDEX($BE$6:$BN$53,MATCH($AL38,$BD$6:$BD$53,0),MATCH(AQ$5,$BE$5:$BN$5,0))} -> 0 | AR38: {=INDEX($BE$6:$BN$53,MATCH($AL38,$BD$6:$BD$53,0),MATCH(AR$5,$BE$5:$BN$5,0))} -> 10 | AS38: {=INDEX($BE$6:$BN$53,MATCH($AL38,$BD$6:$BD$53,0),MATCH(AS$5,$BE$5:$BN$5,0))} -> 2 | AT38: {=INDEX($BE$6:$BN$53,MATCH($AL38,$BD$6:$BD$53,0),MATCH(AT$5,$BE$5:$BN$5,0))} -> 8 | AU38: {=INDEX($DL$6:$DL$53,MATCH(AI38,$DP$6:$DP$53,0))} -> 4 | AV38: {=INDEX($BD$6:$BD$53,MATCH(AI38,$BM$6:$BM$53,0))} -> Alemania | AY38: {=A37} -> Alemania | BC38: I | BD38: Francia | BE38: {=BG38*3+BH38+IF($AZ$3="No",0,INDEX($AZ$6:$AZ$97,MATCH(BD38,$AY$6:$AY$97,0)))} -> 9 | BF38: {=BG38+BH38+BI38} -> 3 | BG38: {=COUNTIFS($AA$4:$AA$97,BD38,$D$4:$D$97,"Local")+COUNTIFS($AF$4:$AF$97,BD38,$D$4:$D$97,"Visitante")} -> 3 | BH38: {=COUNTIFS($AA$4:$AA$97,BD38,$D$4:$D$97,"Empate")+COUNTIFS($AF$4:$AF$97,BD38,$D$4:$D$97,"Empate")} -> 0 | BI38: {=COUNTIFS($AF$4:$AF$97,BD38,$D$4:$D$97,"Local")+COUNTIFS($AA$4:$AA$97,BD38,$D$4:$D$97,"Visitante")} -> 0 | BJ38: {=SUMIFS($AC$4:$AC$97,$AA$4:$AA$97,BD38,$D$4:$D$97,"<>"&"Pendiente",$AC$4:$AC$97,"<>"&"",$AD$4:$AD$97,"<>"&"")+SUMIFS($AD$4:$AD$97,$AF$4:$AF$97,BD38,$D$4:$D$97,"<>"&"Pendiente",$AC$4:$AC$97,"<>"&"",$AD$4:$AD$97,"<>"&"")} -> 12 | BK38: {=SUMIFS($AC$4:$AC$97,$AF$4:$AF$97,BD38,$D$4:$D$97,"<>"&"Pendiente",$AC$4:$AC$97,"<>"&"",$AD$4:$AD$97,"<>"&"")+SUMIFS($AD$4:$AD$97,$AA$4:$AA$97,BD38,$D$4:$D$97,"<>"&"Pendiente",$AC$4:$AC$97,"<>"&"",$AD$4:$AD$97,"<>"&"")} -> 2 | BL38: {=BJ38-BK38} -> 10 | BM38: {=DD38&BC38} -> 1I | BN38: {=DH38&BC38} -> 1I | BO38: {=IF(AND($AJ$99=144,BF38>=1),1,0)} -> 0 | BP38: 1 | BQ38: P.1 (4) | BR38: {=IF($BQ38="-","-",BE38)} -> 9 | BS38: 1 | BT38: P.1 (4) | BU38: {=IF($BT38="-","-",COUNTIFS($AA$4:$AA$97,$BD38,$D$4:$D$97,"Local",$F$4:$F$97,$BT38)+COUNTIFS($AF$4:$AF$97,$BD38,$D$4:$D$97,"Visitante",$E$4:$E$97,$BT38))} -> 3 | BV38: {=IF($BT38="-","-",COUNTIFS($AA$4:$AA$97,$BD38,$D$4:$D$97,"Empate",$F$4:$F$97,$BT38)+COUNTIFS($AF$4:$AF$97,$BD38,$D$4:$D$97,"Empate",$E$4:$E$97,$BT38))} -> 0 | BW38: {=IF($BT38="-","-",COUNTIFS($AA$4:$AA$97,$BD38,$D$4:$D$97,"Visitante",$F$4:$F$97,$BT38)+COUNTIFS($AF$4:$AF$97,$BD38,$D$4:$D$97,"Local",$E$4:$E$97,$BT38))} -> 0 | BX38: {=IF($BT38="-","-",BU38*3+BV38)} -> 9 | BY38: 1 | BZ38: P.1 (4) | CA38: {=IF($BZ38="-","-",SUMIFS($AC$4:$AC$97,$AA$4:$AA$97,$BD38,$I$4:$I$97,$BZ38)+SUMIFS($AD$4:$AD$97,$AF$4:$AF$97,$BD38,$H$4:$H$97,$BZ38))} -> 12 | CB38: {=IF($BZ38="-","-",SUMIFS($AD$4:$AD$97,$AA$4:$AA$97,$BD38,$I$4:$I$97,$BZ38)+SUMIFS($AC$4:$AC$97,$AF$4:$AF$97,$BD38,$H$4:$H$97,$BZ38))} -> 2 | CC38: {=IF($BZ38="-","-",CA38-CB38)} -> 10 | CD38: 1 | CE38: P.1 (4) | CF38: {=IF($CE38="-","-",SUMIFS($AC$4:$AC$97,$AA$4:$AA$97,$BD38,$L$4:$L$97,$CE38)+SUMIFS($AD$4:$AD$97,$AF$4:$AF$97,$BD38,$K$4:$K$97,$CE38))} -> 12 | CG38: 1 | CH38: P.1 (4) | CI38: {=IF($CH38="-","-",COUNTIFS($AA$4:$AA$97,$BD38,$D$4:$D$97,"Local",$O$4:$O$97,$CH38)+COUNTIFS($AF$4:$AF$97,$BD38,$D$4:$D$97,"Visitante",$N$4:$N$97,$CH38))} -> 3 | CJ38: {=IF($CH38="-","-",COUNTIFS($AA$4:$AA$97,$BD38,$D$4:$D$97,"Empate",$O$4:$O$97,$CH38)+COUNTIFS($AF$4:$AF$97,$BD38,$D$4:$D$97,"Empate",$N$4:$N$97,$CH38))} -> 0 | CK38: {=IF($CH38="-","-",COUNTIFS($AA$4:$AA$97,$BD38,$D$4:$D$97,"Visitante",$O$4:$O$97,$CH38)+COUNTIFS($AF$4:$AF$97,$BD38,$D$4:$D$97,"Local",$N$4:$N$97,$CH38))} -> 0 | CL38: {=IF($CH38="-","-",CI38*3+CJ38)} -> 9 | CM38: 1 | CN38: P.1 (4) | CO38: {=IF($CN38="-","-",SUMIFS($AC$4:$AC$97,$AA$4:$AA$97,$BD38,$R$4:$R$97,$CN38)+SUMIFS($AD$4:$AD$97,$AF$4:$AF$97,$BD38,$Q$4:$Q$97,$CN38))} -> 12 | CP38: {=IF($CN38="-","-",SUMIFS($AD$4:$AD$97,$AA$4:$AA$97,$BD38,$R$4:$R$97,$CN38)+SUMIFS($AC$4:$AC$97,$AF$4:$AF$97,$BD38,$Q$4:$Q$97,$CN38))} -> 2 | CQ38: {=IF($CN38="-","-",CO38-CP38)} -> 10 | CR38: 1 | CS38: P.1 (4) | CT38: {=IF($CS38="-","-",SUMIFS($AC$4:$AC$97,$AA$4:$AA$97,$BD38,$U$4:$U$97,$CS38)+SUMIFS($AD$4:$AD$97,$AF$4:$AF$97,$BD38,$T$4:$T$97,$CS38))} -> 12 | CU38: 1 | CV38: P.1 (4) | CW38: {=IF(CV38="-","-",BL38)} -> 10 | CX38: 1 | CY38: P.1 (4) | CZ38: {=IF(CY38="-","-",BJ38)} -> 12 | DA38: 1 | DB38: P.1 (4) | DC38: 1 | DD38: 1 | DF38: {=IF(OR(INDEX($AW$6:$AW$97,MATCH($BD38,$AV$6:$AV$97,0))="",DB38="-"),DD38,INDEX($AW$6:$AW$97,MATCH($BD38,$AV$6:$AV$97,0))+DD38/1000)} -> 1 | DG38: 0 | DH38: 1 | DJ38: {=INDEX($DA$6:$DA$53,MATCH($DQ38,$BD$6:$BD$53,0))} -> 1 | DK38: {=SUMIF($BC$6:$BC$53,BC38,$BF$6:$BF$53)} -> 12 | DL38: {=IF(OR(DK38=12,$AJ$99=144),COUNTIFS($DJ$6:$DJ$53,DJ38,$BC$6:$BC$53,BC38),1)} -> 4 | DM38: {=DJ38&"."&DL38} -> 1.4 | DN38: 1 | DP38: 1I | DQ38: {=INDEX($BD$6:$BD$53,MATCH(DP38,$BM$6:$BM$53,0))} -> Francia
